icp,load1,load2,time
7833.0,939.0663901044379,-265.49210296556225,0.907660722732544
11452.0,948.2589869444375,-265.16379593556235,0.9243068695068359
11443.0,943.3343814944376,-265.16379593556235,0.9408891201019287
11437.0,942.0211533744375,-264.8354889055622,0.9574093818664551
11433.0,939.3946971344378,-265.16379593556235,0.9739108085632324
11430.0,941.0362322844378,-265.16379593556235,0.9904279708862305
11429.0,958.7648119044377,-265.16379593556235,1.0069150924682617
11426.0,942.0211533744375,-264.8354889055622,1.0233941078186035
11423.0,941.3645393144377,-264.8354889055622,1.0398550033569336
11416.0,943.0060744644377,-264.8354889055622,1.0563311576843262
11414.0,940.3796182244375,-264.5071818755623,1.07277250289917
11412.0,939.7230041644377,-264.8354889055622,1.0894649028778076
11412.0,953.8402064544377,-264.8354889055622,1.1064891815185547
11415.0,941.3645393144377,-264.5071818755623,1.1230056285858154
11416.0,942.3494604044379,-264.5071818755623,1.1394481658935547
11414.0,941.0362322844378,-264.5071818755623,1.155928373336792
11410.0,940.7079252544379,-264.5071818755623,1.1724092960357666
11408.0,940.7079252544379,-264.1788748455624,1.1889033317565918
11405.0,942.6777674344378,-264.1788748455624,1.2055435180664062
11403.0,940.0513111944376,-264.5071818755623,1.2219805717468262
11403.0,943.3343814944376,-264.1788748455624,1.238429307937622
11404.0,945.6325307044378,-264.1788748455624,1.2548558712005615
11408.0,941.0362322844378,-264.1788748455624,1.2712764739990234
11411.0,941.3645393144377,-264.1788748455624,1.287667989730835
11411.0,940.3796182244375,-263.8505678155623,1.3041625022888184
11414.0,941.3645393144377,-263.8505678155623,1.3205757141113281
11414.0,940.3796182244375,-263.8505678155623,1.336984634399414
11413.0,940.7079252544379,-263.8505678155623,1.3534035682678223
11408.0,941.3645393144377,-263.8505678155623,1.369797706604004
11413.0,942.6777674344378,-263.52226078556237,1.3862004280090332
11413.0,941.6928463444376,-263.8505678155623,1.4029083251953125
11416.0,968.6140228044376,-263.52226078556237,1.4202675819396973
11414.0,959.7497329944379,-263.52226078556237,1.4383516311645508
11413.0,26.69532510560007,-263.52226078556237,1.4559886455535889
11411.0,41.1408344256,-263.52226078556237,1.4742403030395508
11412.0,49.67681720559981,-263.19395375556223,1.4933102130889893
11409.0,29.978395405600033,-263.19395375556223,1.5109801292419434
11416.0,25.382096985599993,-263.19395375556223,1.5285027027130127
11414.0,20.45749153560005,-263.19395375556223,1.5479683876037598
11411.0,32.93315867560009,-262.8656467255623,1.5674781799316406
11407.0,51.97496641560006,-263.19395375556223,1.5863189697265625
11411.0,24.725482925600183,-263.19395375556223,1.607090950012207
11411.0,34.246386795600166,-263.19395375556223,1.6270766258239746
11414.0,22.427333715599936,-262.8656467255623,1.6468784809112549
11419.0,25.382096985599993,-262.8656467255623,1.6659436225891113
11421.0,19.144263415599973,-262.8656467255623,1.6875591278076172
11411.0,57.22787889559991,-262.8656467255623,1.705232858657837
11405.0,58.21279998560008,-262.8656467255623,1.723597526550293
11406.0,35.55961491559979,-262.8656467255623,1.7419297695159912
11407.0,20.45749153560005,-262.5373396955622,1.7602481842041016
11409.0,18.159342325599802,-262.8656467255623,1.7777743339538574
11412.0,16.84611420560018,-262.5373396955622,1.794644832611084
11413.0,14.219657965600028,-262.5373396955622,1.811328411102295
11408.0,21.770719655600125,-262.2090326655623,1.8280224800109863
11402.0,24.725482925600183,-262.2090326655623,1.8446695804595947
11399.0,15.532886085600104,-262.5373396955622,1.861741065979004
11403.0,13.891350935600123,-262.5373396955622,1.8784420490264893
11403.0,14.876272025599839,-262.2090326655623,1.8952574729919434
11399.0,19.472570445599878,-262.2090326655623,1.9119672775268555
11401.0,16.189500145599915,-262.2090326655623,1.9286575317382812
11405.0,15.204579055599744,-262.2090326655623,1.9452903270721436
11405.0,15.204579055599744,-262.5373396955622,1.962435007095337
11399.0,14.547964995599934,-262.2090326655623,1.9792335033416748
11395.0,15.532886085600104,-262.2090326655623,1.9958522319793701
11396.0,15.204579055599744,-261.8807256355624,2.0125434398651123
11402.0,16.189500145599915,-261.8807256355624,2.029170036315918
11401.0,15.204579055599744,-261.8807256355624,2.0457923412323
11399.0,15.532886085600104,-261.8807256355624,2.0623958110809326
11400.0,15.532886085600104,-261.8807256355624,2.079007863998413
11400.0,15.86119311560001,-261.55241860556225,2.0955801010131836
11399.0,15.86119311560001,-261.55241860556225,2.1121792793273926
11394.0,13.891350935600123,-261.55241860556225,2.1288490295410156
11394.0,14.876272025599839,-261.22411157556235,2.1454412937164307
11398.0,15.86119311560001,-261.55241860556225,2.1620893478393555
11402.0,15.532886085600104,-261.55241860556225,2.178701400756836
11398.0,15.532886085600104,-261.55241860556225,2.1954925060272217
11395.0,16.84611420560018,-261.55241860556225,2.2120895385742188
11392.0,15.86119311560001,-261.55241860556225,2.2287259101867676
11395.0,16.189500145599915,-261.22411157556235,2.2453384399414062
11394.0,14.876272025599839,-261.22411157556235,2.2619569301605225
11393.0,15.204579055599744,-261.22411157556235,2.2785301208496094
11396.0,16.51780717559982,-260.8958045455622,2.29512095451355
11396.0,15.86119311560001,-261.22411157556235,2.311767816543579
11393.0,15.86119311560001,-260.8958045455622,2.3283636569976807
11389.0,15.86119311560001,-261.22411157556235,2.344993829727173
11387.0,16.189500145599915,-260.8958045455622,2.361588954925537
11394.0,16.189500145599915,-260.8958045455622,2.3781635761260986
11393.0,14.547964995599934,-260.8958045455622,2.39496111869812
11390.0,14.876272025599839,-260.5674975155623,2.4116103649139404
11389.0,15.532886085600104,-260.8958045455622,2.4282405376434326
11392.0,15.86119311560001,-260.5674975155623,2.4448463916778564
11393.0,14.876272025599839,-260.5674975155623,2.46144962310791
11389.0,16.51780717559982,-260.5674975155623,2.478023052215576
11387.0,15.532886085600104,-260.2391904855624,2.494706392288208
11393.0,15.204579055599744,-260.2391904855624,2.511399745941162
11394.0,15.86119311560001,-260.5674975155623,2.5279953479766846
11394.0,15.532886085600104,-260.5674975155623,2.544574022293091
11391.0,15.532886085600104,-260.2391904855624,2.5612080097198486
11391.0,15.532886085600104,-260.2391904855624,2.577838897705078
11390.0,16.51780717559982,-260.2391904855624,2.5944278240203857
11386.0,14.876272025599839,-260.2391904855624,2.611056089401245
11388.0,15.86119311560001,-260.2391904855624,2.627652645111084
11391.0,14.876272025599839,-259.91088345556227,2.6442134380340576
11391.0,16.84611420560018,-259.91088345556227,2.660801887512207
11390.0,15.86119311560001,-259.91088345556227,2.677441358566284
11390.0,16.189500145599915,-260.2391904855624,2.694007158279419
11392.0,15.532886085600104,-259.91088345556227,2.7106335163116455
11393.0,14.876272025599839,-259.91088345556227,2.727241277694702
11387.0,15.204579055599744,-259.91088345556227,2.7438442707061768
11386.0,15.86119311560001,-259.58257642556237,2.760502576828003
11387.0,16.189500145599915,-259.58257642556237,2.777350664138794
11391.0,16.189500145599915,-259.58257642556237,2.794010639190674
11390.0,14.876272025599839,-259.58257642556237,2.818755865097046
11395.0,15.532886085600104,-259.58257642556237,2.835571765899658
11395.0,18.159342325599802,-259.58257642556237,2.8522136211395264
11392.0,15.532886085600104,-259.58257642556237,2.868783712387085
11387.0,15.532886085600104,-259.58257642556237,2.8854129314422607
11386.0,16.189500145599915,-259.25426939556223,2.9022369384765625
11388.0,15.532886085600104,-259.25426939556223,2.9188907146453857
11388.0,16.84611420560018,-259.25426939556223,2.9355409145355225
11387.0,15.86119311560001,-259.25426939556223,2.952169418334961
11388.0,15.86119311560001,-259.25426939556223,2.9687418937683105
11388.0,16.51780717559982,-259.25426939556223,2.9853270053863525
11387.0,16.189500145599915,-259.25426939556223,3.001955270767212
11384.0,15.532886085600104,-259.25426939556223,3.0185296535491943
11386.0,16.189500145599915,-258.9259623655623,3.035128355026245
11386.0,15.86119311560001,-259.25426939556223,3.051741600036621
11391.0,15.532886085600104,-258.9259623655623,3.0683681964874268
11390.0,16.84611420560018,-258.9259623655623,3.0849695205688477
11392.0,15.532886085600104,-258.9259623655623,3.1015987396240234
11388.0,15.204579055599744,-258.9259623655623,3.1182034015655518
11383.0,16.189500145599915,-258.9259623655623,3.1359682083129883
11380.0,15.204579055599744,-258.9259623655623,3.152711868286133
11382.0,15.532886085600104,-258.9259623655623,3.1693472862243652
11385.0,16.51780717559982,-258.9259623655623,3.1860015392303467
11384.0,16.84611420560018,-258.2693483055623,3.2026448249816895
11382.0,16.51780717559982,-258.2693483055623,3.219290256500244
11380.0,16.189500145599915,-258.2693483055623,3.235895872116089
11379.0,15.532886085600104,-258.5976553355622,3.252490758895874
11377.0,15.532886085600104,-258.2693483055623,3.2690696716308594
11376.0,15.86119311560001,-258.5976553355622,3.2856760025024414
11379.0,15.86119311560001,-258.2693483055623,3.302262544631958
11384.0,16.189500145599915,-258.2693483055623,3.318854570388794
11382.0,16.189500145599915,-258.2693483055623,3.335456371307373
11377.0,16.51780717559982,-258.2693483055623,3.352051258087158
11376.0,16.51780717559982,-258.2693483055623,3.3686442375183105
11377.0,15.204579055599744,-258.2693483055623,3.3852322101593018
11382.0,16.189500145599915,-257.9410412755624,3.4018776416778564
11379.0,15.532886085600104,-258.2693483055623,3.4184839725494385
11376.0,16.189500145599915,-257.61273424556225,3.4350712299346924
11376.0,15.86119311560001,-257.9410412755624,3.452857255935669
11377.0,17.174421235600086,-257.9410412755624,3.4695818424224854
11375.0,15.86119311560001,-257.61273424556225,3.48618483543396
11375.0,14.876272025599839,-257.9410412755624,3.5028035640716553
11375.0,15.532886085600104,-257.61273424556225,3.5194461345672607
11378.0,16.189500145599915,-257.9410412755624,3.5359933376312256
11379.0,15.532886085600104,-257.61273424556225,3.5525968074798584
11375.0,15.532886085600104,-257.61273424556225,3.5691680908203125
11373.0,15.204579055599744,-257.28442721556235,3.585800886154175
11373.0,16.51780717559982,-257.61273424556225,3.6023850440979004
11374.0,15.532886085600104,-257.28442721556235,3.6190338134765625
11376.0,15.532886085600104,-257.61273424556225,3.63564133644104
11373.0,15.86119311560001,-257.28442721556235,3.6521971225738525
11372.0,15.204579055599744,-257.28442721556235,3.668776273727417
11374.0,15.204579055599744,-257.28442721556235,3.685380458831787
11372.0,16.189500145599915,-257.28442721556235,3.701996088027954
11370.0,15.204579055599744,-257.28442721556235,3.7185535430908203
11368.0,15.86119311560001,-256.9561201855622,3.7352294921875
11371.0,16.51780717559982,-256.9561201855622,3.7518577575683594
11374.0,16.51780717559982,-256.9561201855622,3.7695508003234863
11372.0,15.86119311560001,-256.9561201855622,3.78627610206604
11370.0,15.204579055599744,-256.9561201855622,3.803016185760498
11369.0,15.86119311560001,-256.9561201855622,3.819661855697632
11371.0,16.189500145599915,-256.9561201855622,3.836334705352783
11369.0,15.532886085600104,-257.28442721556235,3.8529365062713623
11372.0,15.86119311560001,-256.6278131555623,3.8695695400238037
11368.0,14.876272025599839,-256.9561201855622,3.8861758708953857
11371.0,14.876272025599839,-256.9561201855622,3.9029159545898438
11367.0,15.204579055599744,-256.6278131555623,3.919590950012207
11365.0,15.204579055599744,-256.6278131555623,3.9361894130706787
11366.0,15.532886085600104,-256.6278131555623,3.952796220779419
11367.0,15.532886085600104,-256.6278131555623,3.969431161880493
11363.0,15.204579055599744,-256.2995061255624,3.9860501289367676
11363.0,14.876272025599839,-256.2995061255624,4.002683639526367
11366.0,16.189500145599915,-256.2995061255624,4.019316911697388
11369.0,16.189500145599915,-256.2995061255624,4.035955429077148
11361.0,15.86119311560001,-256.6278131555623,4.05253005027771
11360.0,15.532886085600104,-256.2995061255624,4.069110155105591
11366.0,15.532886085600104,-256.2995061255624,4.086880207061768
11367.0,15.86119311560001,-256.2995061255624,4.103585243225098
11361.0,16.189500145599915,-255.97119909556227,4.120210886001587
11356.0,16.189500145599915,-255.97119909556227,4.136774063110352
11362.0,16.84611420560018,-256.2995061255624,4.153385877609253
11367.0,15.204579055599744,-255.97119909556227,4.169963598251343
11363.0,14.876272025599839,-255.97119909556227,4.186566352844238
11359.0,15.86119311560001,-255.97119909556227,4.203196048736572
11363.0,15.532886085600104,-255.97119909556227,4.219834566116333
11364.0,15.86119311560001,-255.97119909556227,4.2364325523376465
11359.0,17.174421235600086,-255.64289206556236,4.253054141998291
11354.0,14.876272025599839,-255.97119909556227,4.269659996032715
11357.0,15.204579055599744,-255.64289206556236,4.28622579574585
11361.0,15.86119311560001,-255.64289206556236,4.3028552532196045
11364.0,16.51780717559982,-255.64289206556236,4.319441556930542
11363.0,16.51780717559982,-255.97119909556227,4.336035490036011
11362.0,14.876272025599839,-255.64289206556236,4.352609157562256
11359.0,15.204579055599744,-255.31458503556223,4.369227170944214
11353.0,15.86119311560001,-255.31458503556223,4.38580322265625
11353.0,15.86119311560001,-255.31458503556223,4.40358567237854
11352.0,15.204579055599744,-255.31458503556223,4.420361518859863
11356.0,14.876272025599839,-255.31458503556223,4.437047958374023
11354.0,15.532886085600104,-255.31458503556223,4.45368766784668
11357.0,15.86119311560001,-255.31458503556223,4.470272541046143
11357.0,15.532886085600104,-255.31458503556223,4.486876726150513
11359.0,16.189500145599915,-254.98627800556233,4.5034730434417725
11357.0,16.51780717559982,-254.98627800556233,4.520070314407349
11357.0,15.204579055599744,-255.31458503556223,4.536682367324829
11359.0,15.86119311560001,-254.98627800556233,4.553287506103516
11357.0,16.189500145599915,-254.98627800556233,4.569916009902954
11354.0,15.532886085600104,-254.98627800556233,4.586507081985474
11352.0,14.547964995599934,-254.98627800556233,4.603111505508423
11357.0,14.876272025599839,-254.98627800556233,4.619740724563599
11358.0,16.189500145599915,-254.6579709755622,4.636386156082153
11357.0,14.876272025599839,-254.98627800556233,4.652969121932983
11357.0,15.204579055599744,-254.6579709755622,4.669610500335693
11357.0,15.86119311560001,-254.6579709755622,4.686216115951538
11357.0,15.532886085600104,-254.6579709755622,4.70284366607666
11349.0,16.189500145599915,-254.6579709755622,4.720127820968628
11346.0,14.219657965600028,-254.6579709755622,4.736932754516602
11346.0,15.204579055599744,-254.6579709755622,4.753604173660278
11351.0,14.876272025599839,-254.6579709755622,4.770200729370117
11350.0,15.86119311560001,-254.3296639455623,4.786859512329102
11350.0,14.876272025599839,-254.6579709755622,4.803431272506714
11350.0,15.532886085600104,-254.3296639455623,4.820066452026367
11348.0,15.86119311560001,-254.3296639455623,4.836669445037842
11345.0,14.876272025599839,-254.3296639455623,4.853370904922485
11346.0,15.532886085600104,-254.3296639455623,4.869959115982056
11350.0,15.86119311560001,-254.3296639455623,4.886556386947632
11349.0,15.532886085600104,-254.3296639455623,4.903318405151367
11347.0,14.547964995599934,-254.3296639455623,4.91996693611145
11347.0,15.86119311560001,-254.3296639455623,4.936567068099976
11349.0,15.86119311560001,-254.00135691556238,4.953197240829468
11350.0,16.189500145599915,-254.00135691556238,4.969883918762207
11345.0,15.86119311560001,-254.00135691556238,4.986499547958374
11346.0,15.204579055599744,-254.00135691556238,5.003086090087891
11348.0,15.86119311560001,-254.00135691556238,5.019759654998779
11346.0,16.51780717559982,-254.00135691556238,5.036432266235352
11344.0,15.204579055599744,-253.67304988556225,5.05317497253418
11340.0,15.532886085600104,-253.67304988556225,5.069823741912842
11345.0,16.51780717559982,-253.67304988556225,5.086475372314453
11343.0,15.532886085600104,-253.67304988556225,5.103074789047241
11343.0,15.86119311560001,-253.67304988556225,5.1196510791778564
11341.0,16.189500145599915,-253.67304988556225,5.136297225952148
11342.0,16.84611420560018,-253.67304988556225,5.152904033660889
11345.0,15.204579055599744,-253.34474285556234,5.16946005821228
11342.0,16.51780717559982,-253.67304988556225,5.186103343963623
11339.0,15.86119311560001,-253.67304988556225,5.2027528285980225
11340.0,16.84611420560018,-253.67304988556225,5.219389200210571
11344.0,15.86119311560001,-253.34474285556234,5.236054420471191
11346.0,15.86119311560001,-253.34474285556234,5.252670049667358
11345.0,14.547964995599934,-253.34474285556234,5.269252061843872
11342.0,15.532886085600104,-253.34474285556234,5.285858154296875
11342.0,16.51780717559982,-253.0164358255622,5.304191589355469
11341.0,16.84611420560018,-253.0164358255622,5.323195934295654
11339.0,17.174421235600086,-253.34474285556234,5.3414146900177
11341.0,17.50272826559999,-253.0164358255622,5.359565734863281
11341.0,15.532886085600104,-253.0164358255622,5.376424312591553
11344.0,16.189500145599915,-253.0164358255622,5.393138885498047
11342.0,17.174421235600086,-253.0164358255622,5.4098663330078125
11345.0,14.547964995599934,-253.0164358255622,5.426549196243286
11343.0,16.189500145599915,-253.0164358255622,5.443200588226318
11342.0,15.204579055599744,-253.0164358255622,5.4598352909088135
11342.0,15.86119311560001,-252.6881287955623,5.476520299911499
11344.0,16.189500145599915,-252.6881287955623,5.493127107620239
11343.0,15.204579055599744,-252.6881287955623,5.509725093841553
11339.0,16.189500145599915,-253.0164358255622,5.526363849639893
11341.0,16.51780717559982,-253.0164358255622,5.542982578277588
11341.0,15.86119311560001,-252.6881287955623,5.5595879554748535
11343.0,15.86119311560001,-252.6881287955623,5.576168775558472
11342.0,14.876272025599839,-252.6881287955623,5.592752456665039
11341.0,15.532886085600104,-252.6881287955623,5.609391450881958
11341.0,15.532886085600104,-252.6881287955623,5.625948190689087
11342.0,15.532886085600104,-252.6881287955623,5.642547607421875
11339.0,16.189500145599915,-252.6881287955623,5.659122467041016
11337.0,15.532886085600104,-252.3598217655624,5.675686359405518
11335.0,14.876272025599839,-252.3598217655624,5.6936564445495605
11340.0,16.189500145599915,-252.3598217655624,5.710282325744629
11338.0,15.86119311560001,-252.3598217655624,5.727322816848755
11341.0,17.50272826559999,-252.6881287955623,5.744678258895874
11340.0,17.831035295599897,-252.03151473556227,5.761851072311401
11346.0,16.51780717559982,-252.3598217655624,5.779012680053711
11342.0,16.51780717559982,-252.03151473556227,5.7957963943481445
11341.0,15.86119311560001,-252.03151473556227,5.8127007484436035
11338.0,17.831035295599897,-252.03151473556227,5.829350709915161
11334.0,16.84611420560018,-252.03151473556227,5.845981597900391
11338.0,16.84611420560018,-252.03151473556227,5.8625898361206055
11337.0,16.84611420560018,-252.03151473556227,5.879240989685059
11339.0,16.189500145599915,-251.70320770556236,5.895946025848389
11340.0,16.84611420560018,-252.03151473556227,5.9126293659210205
11341.0,15.86119311560001,-252.03151473556227,5.929255962371826
11336.0,17.831035295599897,-251.70320770556236,5.945881366729736
11334.0,16.51780717559982,-251.70320770556236,5.962634801864624
11329.0,16.189500145599915,-251.70320770556236,5.979276895523071
11333.0,16.51780717559982,-251.70320770556236,5.995845079421997
11330.0,16.189500145599915,-251.70320770556236,6.0127012729644775
11328.0,16.51780717559982,-252.03151473556227,6.029351234436035
11323.0,16.51780717559982,-251.70320770556236,6.045928955078125
11328.0,16.51780717559982,-251.37490067556223,6.06257438659668
11334.0,16.189500145599915,-251.37490067556223,6.079348087310791
11332.0,16.84611420560018,-251.37490067556223,6.097163915634155
11332.0,15.86119311560001,-251.37490067556223,6.114332675933838
11332.0,16.51780717559982,-251.70320770556236,6.131098508834839
11333.0,16.51780717559982,-251.70320770556236,6.147735595703125
11329.0,17.50272826559999,-251.37490067556223,6.166868448257446
11330.0,17.50272826559999,-251.37490067556223,6.184332847595215
11330.0,16.189500145599915,-251.37490067556223,6.201630353927612
11331.0,15.532886085600104,-251.04659364556233,6.218400478363037
11327.0,16.51780717559982,-251.04659364556233,6.235082387924194
11329.0,16.51780717559982,-251.37490067556223,6.251737594604492
11329.0,15.86119311560001,-251.37490067556223,6.268390655517578
11330.0,16.189500145599915,-251.04659364556233,6.284979581832886
11327.0,15.86119311560001,-251.04659364556233,6.3016252517700195
11326.0,17.174421235600086,-251.04659364556233,6.318526744842529
11322.0,16.189500145599915,-250.7182866155622,6.335298776626587
11323.0,15.532886085600104,-251.04659364556233,6.352017164230347
11320.0,15.204579055599744,-251.04659364556233,6.368637323379517
11323.0,16.84611420560018,-250.7182866155622,6.385225534439087
11325.0,16.51780717559982,-250.7182866155622,6.401874780654907
11326.0,16.51780717559982,-251.04659364556233,6.418599843978882
11324.0,15.86119311560001,-251.04659364556233,6.435383081436157
11326.0,14.547964995599934,-251.04659364556233,6.452092885971069
11325.0,15.532886085600104,-251.04659364556233,6.468730688095093
11323.0,15.204579055599744,-250.7182866155622,6.4853737354278564
11318.0,15.204579055599744,-250.7182866155622,6.502196311950684
11317.0,15.86119311560001,-250.7182866155622,6.520146608352661
11320.0,15.532886085600104,-250.7182866155622,6.537184000015259
11323.0,15.204579055599744,-250.7182866155622,6.553966045379639
11324.0,16.51780717559982,-250.7182866155622,6.5705811977386475
11325.0,15.86119311560001,-250.7182866155622,6.588562965393066
11324.0,16.51780717559982,-250.7182866155622,6.60584282875061
11322.0,15.86119311560001,-250.3899795855623,6.623034954071045
11319.0,15.86119311560001,-250.3899795855623,6.639756679534912
11319.0,16.51780717559982,-250.3899795855623,6.657379388809204
11319.0,15.204579055599744,-250.7182866155622,6.674110412597656
11320.0,15.86119311560001,-250.3899795855623,6.690809726715088
11321.0,16.51780717559982,-250.3899795855623,6.707536697387695
11318.0,15.204579055599744,-250.3899795855623,6.724169731140137
11319.0,16.189500145599915,-250.06167255556238,6.740841865539551
11317.0,17.174421235600086,-250.06167255556238,6.757432699203491
11316.0,15.532886085600104,-250.3899795855623,6.774092435836792
11317.0,14.876272025599839,-250.06167255556238,6.790726184844971
11316.0,16.189500145599915,-250.06167255556238,6.807579040527344
11316.0,16.51780717559982,-250.06167255556238,6.824320077896118
11317.0,15.86119311560001,-250.06167255556238,6.841010570526123
11314.0,16.51780717559982,-250.06167255556238,6.857653379440308
11314.0,16.51780717559982,-250.06167255556238,6.874286413192749
11313.0,15.204579055599744,-250.06167255556238,6.890981435775757
11313.0,15.204579055599744,-249.73336552556225,6.907628297805786
11313.0,16.189500145599915,-250.06167255556238,6.924891948699951
11311.0,16.51780717559982,-250.06167255556238,6.942035913467407
11313.0,15.86119311560001,-249.73336552556225,6.958843946456909
11310.0,14.876272025599839,-249.73336552556225,7.08631157875061
11344.0,14.219657965600028,-250.06167255556238,7.103116035461426
11335.0,15.532886085600104,-250.06167255556238,7.120684862136841
11330.0,16.84611420560018,-250.06167255556238,7.1388490200042725
11328.0,16.84611420560018,-250.06167255556238,7.156407356262207
11327.0,14.876272025599839,-250.06167255556238,7.1735217571258545
11322.0,16.51780717559982,-250.06167255556238,7.190351963043213
11317.0,15.532886085600104,-250.3899795855623,7.207047700881958
11314.0,16.51780717559982,-250.3899795855623,7.223726034164429
11313.0,16.189500145599915,-250.06167255556238,7.240397214889526
11311.0,15.204579055599744,-249.73336552556225,7.257121324539185
11312.0,15.86119311560001,-250.06167255556238,7.273772478103638
11311.0,17.174421235600086,-249.73336552556225,7.290453672409058
11310.0,16.84611420560018,-249.73336552556225,7.307126998901367
11308.0,17.50272826559999,-249.73336552556225,7.323786973953247
11308.0,16.51780717559982,-249.73336552556225,7.340478420257568
11308.0,16.189500145599915,-249.73336552556225,7.357089996337891
11306.0,15.86119311560001,-249.40505849556234,7.373767614364624
11309.0,16.84611420560018,-249.73336552556225,7.3905699253082275
11306.0,17.831035295599897,-249.73336552556225,7.407477617263794
11303.0,17.174421235600086,-249.73336552556225,7.424130916595459
11303.0,16.189500145599915,-249.73336552556225,7.44081974029541
11301.0,16.51780717559982,-249.40505849556234,7.4574737548828125
11299.0,16.51780717559982,-249.40505849556234,7.475369691848755
11300.0,16.189500145599915,-249.40505849556234,7.492305755615234
11303.0,15.204579055599744,-249.40505849556234,7.509032249450684
11304.0,15.204579055599744,-249.40505849556234,7.525726318359375
11303.0,16.189500145599915,-249.0767514655622,7.542445421218872
11300.0,16.84611420560018,-249.0767514655622,7.561556100845337
11300.0,15.532886085600104,-249.0767514655622,7.579009532928467
11299.0,14.876272025599839,-249.40505849556234,7.5967090129852295
11298.0,12.906429845599952,-249.40505849556234,7.616997957229614
11303.0,15.204579055599744,-249.0767514655622,7.634203910827637
11304.0,15.532886085600104,-249.0767514655622,7.651502370834351
11301.0,15.532886085600104,-249.0767514655622,7.668936729431152
11299.0,15.86119311560001,-249.0767514655622,7.6869049072265625
11301.0,14.876272025599839,-249.40505849556234,7.704830646514893
11303.0,15.204579055599744,-249.0767514655622,7.722690582275391
11299.0,14.876272025599839,-249.0767514655622,7.740662574768066
11297.0,14.547964995599934,-249.0767514655622,7.7586588859558105
11298.0,13.891350935600123,-249.0767514655622,7.777145862579346
11298.0,14.876272025599839,-248.7484444355623,7.795698881149292
11297.0,14.219657965600028,-249.0767514655622,7.8136303424835205
11298.0,14.547964995599934,-248.7484444355623,7.83215069770813
11303.0,14.547964995599934,-249.0767514655622,7.850596189498901
11301.0,15.204579055599744,-248.7484444355623,7.869115591049194
11298.0,14.876272025599839,-248.7484444355623,7.887780427932739
11300.0,15.86119311560001,-248.7484444355623,7.9056007862091064
11302.0,14.219657965600028,-248.7484444355623,7.923262357711792
11299.0,14.876272025599839,-248.4201374055624,7.940933465957642
11295.0,13.891350935600123,-248.7484444355623,7.958671808242798
11296.0,13.891350935600123,-248.7484444355623,7.976768970489502
11296.0,14.547964995599934,-248.4201374055624,7.995288848876953
11297.0,13.891350935600123,-248.4201374055624,8.01436161994934
11300.0,13.563043905599763,-248.4201374055624,8.033101320266724
11301.0,17.174421235600086,-248.4201374055624,8.051275730133057
11298.0,15.86119311560001,-248.7484444355623,8.07004714012146
11296.0,15.86119311560001,-248.7484444355623,8.0879225730896
11294.0,13.563043905599763,-248.4201374055624,8.106841802597046
11296.0,13.563043905599763,-248.4201374055624,8.12450909614563
11294.0,14.876272025599839,-248.7484444355623,8.142093420028687
11293.0,14.219657965600028,-248.4201374055624,8.15970230102539
11297.0,14.547964995599934,-248.09183037556227,8.177986860275269
11298.0,15.532886085600104,-248.09183037556227,8.196037769317627
11298.0,15.204579055599744,-248.09183037556227,8.213963270187378
11297.0,13.891350935600123,-248.09183037556227,8.232444524765015
11298.0,13.891350935600123,-248.09183037556227,8.250942468643188
11294.0,15.204579055599744,-248.09183037556227,8.268829345703125
11289.0,14.876272025599839,-248.09183037556227,8.287252426147461
11291.0,15.204579055599744,-248.4201374055624,8.305702686309814
11297.0,14.219657965600028,-248.09183037556227,8.32419204711914
11298.0,14.547964995599934,-248.09183037556227,8.342654943466187
11294.0,14.547964995599934,-248.09183037556227,8.36109447479248
11292.0,13.891350935600123,-248.09183037556227,8.379423141479492
11293.0,13.234736875599857,-247.76352334556236,8.396985530853271
11288.0,13.891350935600123,-247.76352334556236,8.415018320083618
11283.0,14.219657965600028,-248.09183037556227,8.433592796325684
11288.0,13.891350935600123,-247.76352334556236,8.45210862159729
11292.0,15.532886085600104,-247.76352334556236,8.472202062606812
11292.0,13.891350935600123,-247.76352334556236,8.49109172821045
11285.0,15.86119311560001,-247.76352334556236,8.508740186691284
11290.0,16.51780717559982,-247.76352334556236,8.527566909790039
11295.0,14.547964995599934,-247.76352334556236,8.545429944992065
11296.0,14.876272025599839,-247.76352334556236,8.563987255096436
11289.0,13.891350935600123,-247.76352334556236,8.581822156906128
11287.0,15.532886085600104,-247.43521631556223,8.599472045898438
11286.0,14.219657965600028,-247.76352334556236,8.61696720123291
11287.0,14.219657965600028,-247.76352334556236,8.634542465209961
11285.0,15.86119311560001,-247.43521631556223,8.65208911895752
11285.0,15.86119311560001,-247.43521631556223,8.669872522354126
11291.0,14.876272025599839,-247.43521631556223,8.687004089355469
11293.0,14.876272025599839,-247.43521631556223,8.704069137573242
11287.0,14.219657965600028,-247.43521631556223,8.72110390663147
11279.0,14.547964995599934,-247.76352334556236,8.738030672073364
11280.0,14.547964995599934,-247.43521631556223,8.75509762763977
11283.0,14.547964995599934,-247.10690928556232,8.772058248519897
11281.0,15.204579055599744,-247.43521631556223,8.78997540473938
11279.0,15.532886085600104,-247.10690928556232,8.807658910751343
11284.0,13.234736875599857,-247.10690928556232,8.825526237487793
11289.0,21.11410559559986,-247.10690928556232,8.843974828720093
11286.0,14.219657965600028,-247.10690928556232,8.862639904022217
11280.0,15.532886085600104,-247.43521631556223,8.880944013595581
11282.0,14.219657965600028,-247.10690928556232,8.89929747581482
11286.0,18.159342325599802,-246.7786022555622,8.917433500289917
11283.0,15.532886085600104,-247.10690928556232,8.936886548995972
11281.0,14.219657965600028,-247.10690928556232,8.955351829528809
11283.0,16.51780717559982,-247.10690928556232,8.973600149154663
11287.0,15.86119311560001,-247.10690928556232,8.992391586303711
11287.0,15.532886085600104,-246.7786022555622,9.010898113250732
11293.0,14.876272025599839,-247.10690928556232,9.029531240463257
11289.0,14.219657965600028,-246.7786022555622,9.047945737838745
11291.0,14.876272025599839,-247.10690928556232,9.066364288330078
11289.0,14.547964995599934,-246.7786022555622,9.084221124649048
11288.0,13.563043905599763,-246.7786022555622,9.10267162322998
11283.0,16.189500145599915,-246.7786022555622,9.121087789535522
11286.0,14.219657965600028,-246.7786022555622,9.139528512954712
11288.0,14.876272025599839,-246.7786022555622,9.157944202423096
11283.0,14.547964995599934,-246.4502952255623,9.17578411102295
11274.0,13.234736875599857,-246.7786022555622,9.196478843688965
11276.0,14.219657965600028,-246.4502952255623,9.214926958084106
11280.0,14.547964995599934,-246.4502952255623,9.232753276824951
11279.0,15.204579055599744,-246.7786022555622,9.251158237457275
11274.0,15.204579055599744,-246.7786022555622,9.26926851272583
11277.0,14.219657965600028,-246.7786022555622,9.288171529769897
11278.0,16.84611420560018,-246.4502952255623,9.30581283569336
11281.0,15.86119311560001,-246.4502952255623,9.323540925979614
11282.0,14.876272025599839,-246.4502952255623,9.341622352600098
11280.0,14.547964995599934,-246.4502952255623,9.360226154327393
11280.0,15.86119311560001,-246.7786022555622,9.378513097763062
11281.0,16.51780717559982,-246.4502952255623,9.396815776824951
11276.0,16.189500145599915,-246.4502952255623,9.414807081222534
11275.0,13.563043905599763,-246.12198819556238,9.433255195617676
11275.0,15.204579055599744,-246.4502952255623,9.451789855957031
11281.0,16.84611420560018,-246.12198819556238,9.470373392105103
11279.0,14.547964995599934,-246.4502952255623,9.48826003074646
11276.0,17.831035295599897,-246.4502952255623,9.505924463272095
11272.0,17.174421235600086,-246.12198819556238,9.523521184921265
11274.0,17.831035295599897,-245.79368116556225,9.541171073913574
11276.0,15.86119311560001,-246.12198819556238,9.559003591537476
11276.0,16.51780717559982,-246.12198819556238,9.576483726501465
11278.0,16.51780717559982,-246.12198819556238,9.594937562942505
11275.0,15.204579055599744,-246.12198819556238,9.612834692001343
11276.0,15.532886085600104,-246.12198819556238,9.63072156906128
11277.0,15.204579055599744,-246.12198819556238,9.649215459823608
11277.0,14.876272025599839,-246.12198819556238,9.667623281478882
11274.0,15.86119311560001,-246.12198819556238,9.685571670532227
11275.0,14.876272025599839,-246.12198819556238,9.703528881072998
11276.0,16.51780717559982,-245.79368116556225,9.72162413597107
11274.0,18.487649355600162,-245.79368116556225,9.740574836730957
11276.0,17.174421235600086,-245.79368116556225,9.758707284927368
11279.0,18.159342325599802,-245.79368116556225,9.777383089065552
11281.0,16.51780717559982,-245.79368116556225,9.79585886001587
11275.0,16.51780717559982,-245.79368116556225,9.81375527381897
11276.0,14.876272025599839,-245.79368116556225,9.832263231277466
11273.0,15.204579055599744,-245.79368116556225,9.85066032409668
11276.0,15.204579055599744,-245.79368116556225,9.869189262390137
11272.0,13.891350935600123,-245.46537413556234,9.887300729751587
11278.0,14.876272025599839,-245.46537413556234,9.90713620185852
11280.0,16.84611420560018,-245.46537413556234,9.924695253372192
11275.0,16.189500145599915,-245.46537413556234,9.942817211151123
11274.0,14.547964995599934,-245.46537413556234,9.960634708404541
11272.0,15.204579055599744,-245.46537413556234,9.978621244430542
11277.0,16.189500145599915,-245.46537413556234,9.995359659194946
11275.0,15.86119311560001,-245.46537413556234,10.012077569961548
11284.0,15.532886085600104,-245.79368116556225,10.048581838607788
11283.0,16.84611420560018,-245.46537413556234,10.065314769744873
11276.0,15.86119311560001,-245.46537413556234,10.082014083862305
11273.0,16.51780717559982,-245.46537413556234,10.09873914718628
11274.0,17.174421235600086,-245.46537413556234,10.115435600280762
11275.0,15.204579055599744,-245.46537413556234,10.132418394088745
11276.0,16.51780717559982,-245.1370671055622,10.149128198623657
11275.0,16.51780717559982,-245.46537413556234,10.165835857391357
11278.0,16.84611420560018,-245.46537413556234,10.18286395072937
11278.0,16.189500145599915,-245.46537413556234,10.200713157653809
11273.0,15.532886085600104,-245.46537413556234,10.217596769332886
11268.0,15.86119311560001,-245.46537413556234,10.234338521957397
11269.0,15.532886085600104,-245.46537413556234,10.251001119613647
11270.0,15.204579055599744,-245.1370671055622,10.267685413360596
11273.0,15.532886085600104,-245.46537413556234,10.284446239471436
11274.0,13.563043905599763,-245.1370671055622,10.302214860916138
11277.0,16.51780717559982,-245.1370671055622,10.318979978561401
11274.0,15.86119311560001,-245.1370671055622,10.335704803466797
11268.0,15.86119311560001,-245.1370671055622,10.354108333587646
11269.0,16.189500145599915,-245.1370671055622,10.37170934677124
11269.0,16.84611420560018,-245.1370671055622,10.388914823532104
11271.0,16.51780717559982,-245.1370671055622,10.405816078186035
11274.0,15.204579055599744,-244.8087600755623,10.422586441040039
11275.0,15.204579055599744,-245.1370671055622,10.43928861618042
11274.0,14.547964995599934,-244.8087600755623,10.455974340438843
11269.0,16.84611420560018,-244.8087600755623,10.472615480422974
11268.0,13.563043905599763,-244.8087600755623,10.489320278167725
11266.0,14.547964995599934,-244.8087600755623,10.505986213684082
11270.0,14.547964995599934,-244.8087600755623,10.522585153579712
11271.0,16.51780717559982,-244.8087600755623,10.539227962493896
11265.0,15.86119311560001,-244.8087600755623,10.55586314201355
11266.0,15.532886085600104,-244.8087600755623,10.572502374649048
11269.0,16.84611420560018,-244.4804530455624,10.58910059928894
11268.0,15.86119311560001,-244.4804530455624,10.605986833572388
11266.0,14.876272025599839,-244.8087600755623,10.624049186706543
11266.0,16.189500145599915,-244.8087600755623,10.640808820724487
11273.0,17.50272826559999,-244.8087600755623,10.65750002861023
11271.0,16.51780717559982,-244.4804530455624,10.67416501045227
11264.0,17.174421235600086,-244.4804530455624,10.690909147262573
11260.0,17.174421235600086,-244.8087600755623,10.707584857940674
11264.0,16.51780717559982,-244.4804530455624,10.72423267364502
11266.0,15.532886085600104,-244.8087600755623,10.740931272506714
11264.0,16.189500145599915,-244.4804530455624,10.757585048675537
11263.0,15.86119311560001,-244.4804530455624,10.775274753570557
11264.0,17.174421235600086,-244.4804530455624,10.793261528015137
11265.0,19.472570445599878,-244.4804530455624,10.810430526733398
11266.0,16.51780717559982,-244.15214601556227,10.82762861251831
11264.0,17.831035295599897,-244.15214601556227,10.844544410705566
11267.0,15.532886085600104,-244.15214601556227,10.86124300956726
11268.0,16.51780717559982,-244.4804530455624,10.877931356430054
11267.0,17.174421235600086,-244.15214601556227,10.894782781600952
11265.0,18.815956385600067,-243.82383898556236,10.911577701568604
11260.0,16.84611420560018,-244.15214601556227,10.928240060806274
11259.0,17.174421235600086,-244.15214601556227,10.946345090866089
11266.0,16.51780717559982,-244.15214601556227,10.963079690933228
11266.0,15.532886085600104,-243.82383898556236,10.979724407196045
11266.0,15.532886085600104,-244.15214601556227,10.996533155441284
11265.0,15.532886085600104,-244.15214601556227,11.013210773468018
11267.0,15.532886085600104,-243.82383898556236,11.029844760894775
11266.0,17.174421235600086,-244.15214601556227,11.046988487243652
11255.0,15.532886085600104,-243.82383898556236,11.06481146812439
11254.0,16.51780717559982,-243.82383898556236,11.081657648086548
11264.0,16.189500145599915,-243.82383898556236,11.098402738571167
11267.0,16.51780717559982,-243.82383898556236,11.115118265151978
11260.0,15.86119311560001,-243.82383898556236,11.131766319274902
11257.0,16.84611420560018,-243.82383898556236,11.148449182510376
11261.0,15.86119311560001,-243.82383898556236,11.16511607170105
11261.0,17.50272826559999,-243.82383898556236,11.18180537223816
11259.0,16.84611420560018,-243.49553195556223,11.198526382446289
11257.0,17.831035295599897,-243.49553195556223,11.217371702194214
11264.0,18.487649355600162,-243.49553195556223,11.234583139419556
11263.0,15.204579055599744,-243.82383898556236,11.251489877700806
11257.0,15.204579055599744,-243.49553195556223,11.268720865249634
11256.0,14.876272025599839,-243.82383898556236,11.28546142578125
11259.0,16.189500145599915,-243.82383898556236,11.30218505859375
11259.0,15.204579055599744,-243.49553195556223,11.31884241104126
11256.0,16.189500145599915,-243.49553195556223,11.335430145263672
11260.0,16.84611420560018,-243.49553195556223,11.352055549621582
11261.0,14.876272025599839,-243.82383898556236,11.368700742721558
11255.0,16.189500145599915,-243.49553195556223,11.38530421257019
11251.0,16.51780717559982,-243.82383898556236,11.402092933654785
11254.0,16.84611420560018,-243.49553195556223,11.41884970664978
11254.0,16.51780717559982,-243.49553195556223,11.435534477233887
11254.0,15.86119311560001,-243.16722492556232,11.452377557754517
11254.0,15.86119311560001,-243.49553195556223,11.469959497451782
11260.0,16.189500145599915,-243.49553195556223,11.4870285987854
11262.0,15.86119311560001,-243.49553195556223,11.503753185272217
11258.0,15.86119311560001,-243.49553195556223,11.520403623580933
11255.0,14.547964995599934,-243.16722492556232,11.537007570266724
11255.0,15.204579055599744,-243.49553195556223,11.553658485412598
11257.0,14.547964995599934,-243.16722492556232,11.570236444473267
11255.0,14.876272025599839,-243.16722492556232,11.588152408599854
11254.0,15.86119311560001,-243.16722492556232,11.604901552200317
11254.0,15.86119311560001,-243.16722492556232,11.621515989303589
11253.0,16.189500145599915,-243.16722492556232,11.640663146972656
11254.0,16.84611420560018,-243.16722492556232,11.657812356948853
11257.0,16.84611420560018,-242.8389178955622,11.67582082748413
11260.0,15.204579055599744,-243.16722492556232,11.69262981414795
11254.0,16.189500145599915,-242.8389178955622,11.709332704544067
11251.0,16.51780717559982,-242.8389178955622,11.725974321365356
11248.0,15.532886085600104,-243.16722492556232,11.74266529083252
11254.0,15.204579055599744,-243.16722492556232,11.759305238723755
11252.0,16.84611420560018,-242.8389178955622,11.775917053222656
11247.0,16.51780717559982,-242.8389178955622,11.792612791061401
11250.0,15.86119311560001,-242.51061086556228,11.809284687042236
11257.0,16.51780717559982,-242.8389178955622,11.825884103775024
11255.0,16.189500145599915,-242.8389178955622,11.842455863952637
11248.0,15.86119311560001,-242.8389178955622,11.85905408859253
11249.0,15.86119311560001,-242.8389178955622,11.875611305236816
11253.0,17.50272826559999,-242.8389178955622,11.893488645553589
11249.0,16.51780717559982,-242.51061086556228,11.91055965423584
11243.0,15.86119311560001,-242.8389178955622,11.927489757537842
11253.0,16.189500145599915,-242.8389178955622,11.944270849227905
11255.0,17.174421235600086,-242.8389178955622,11.960925579071045
11251.0,15.86119311560001,-242.51061086556228,11.97756838798523
11246.0,14.876272025599839,-242.51061086556228,11.994175910949707
11257.0,15.204579055599744,-242.51061086556228,12.0108163356781
11261.0,15.532886085600104,-242.51061086556228,12.027517557144165
11249.0,17.50272826559999,-242.51061086556228,12.044166326522827
11242.0,17.50272826559999,-242.51061086556228,12.06188154220581
11247.0,16.189500145599915,-242.51061086556228,12.07990837097168
11250.0,17.50272826559999,-242.18230383556238,12.097342491149902
11245.0,17.174421235600086,-242.18230383556238,12.114546060562134
11245.0,16.189500145599915,-242.51061086556228,12.131345748901367
11251.0,17.50272826559999,-242.51061086556228,12.147971630096436
11255.0,16.51780717559982,-242.18230383556238,12.1645827293396
11251.0,16.51780717559982,-242.18230383556238,12.181172609329224
11247.0,14.876272025599839,-242.18230383556238,12.197847127914429
11248.0,15.204579055599744,-242.18230383556238,12.214482307434082
11248.0,15.86119311560001,-242.18230383556238,12.231121301651001
11246.0,15.204579055599744,-242.18230383556238,12.248136520385742
11244.0,16.84611420560018,-242.18230383556238,12.264729022979736
11246.0,16.84611420560018,-242.18230383556238,12.281355142593384
11245.0,15.86119311560001,-242.18230383556238,12.297998428344727
11246.0,17.174421235600086,-242.18230383556238,12.316027164459229
11244.0,16.84611420560018,-242.18230383556238,12.333013772964478
11248.0,14.876272025599839,-242.18230383556238,12.349740505218506
11247.0,16.84611420560018,-242.18230383556238,12.366466760635376
11244.0,16.51780717559982,-242.18230383556238,12.383115291595459
11243.0,16.189500145599915,-242.18230383556238,12.399943828582764
11245.0,15.86119311560001,-242.18230383556238,12.416603803634644
11246.0,16.84611420560018,-242.18230383556238,12.433296918869019
11243.0,16.51780717559982,-241.85399680556225,12.449907064437866
11244.0,15.86119311560001,-241.85399680556225,12.466516256332397
11248.0,15.86119311560001,-241.85399680556225,12.483147144317627
11249.0,16.84611420560018,-241.85399680556225,12.50038743019104
11242.0,17.50272826559999,-241.52568977556234,12.518136024475098
11241.0,16.189500145599915,-241.85399680556225,12.536222219467163
11246.0,16.84611420560018,-242.18230383556238,12.552913427352905
11247.0,15.86119311560001,-241.52568977556234,12.570106506347656
11242.0,15.86119311560001,-241.85399680556225,12.586843013763428
11245.0,15.86119311560001,-241.52568977556234,12.603504657745361
11249.0,15.532886085600104,-241.52568977556234,12.620162010192871
11249.0,16.51780717559982,-241.85399680556225,12.636803150177002
11242.0,15.86119311560001,-241.52568977556234,12.653392791748047
11239.0,16.51780717559982,-241.52568977556234,12.669974565505981
11241.0,16.189500145599915,-241.52568977556234,12.686584711074829
11245.0,14.876272025599839,-241.85399680556225,12.703202962875366
11243.0,17.831035295599897,-241.52568977556234,12.720258474349976
11243.0,16.189500145599915,-241.52568977556234,12.737515449523926
11243.0,14.876272025599839,-241.52568977556234,12.754618883132935
11243.0,15.532886085600104,-241.52568977556234,12.77134656906128
11237.0,15.86119311560001,-241.52568977556234,12.788020849227905
11234.0,15.86119311560001,-241.52568977556234,12.804725170135498
11238.0,15.532886085600104,-241.52568977556234,12.821314573287964
11242.0,14.876272025599839,-241.52568977556234,12.83793568611145
11241.0,15.532886085600104,-241.52568977556234,12.854559183120728
11241.0,15.532886085600104,-241.52568977556234,12.871182918548584
11241.0,16.51780717559982,-241.52568977556234,12.888668775558472
11243.0,18.159342325599802,-241.52568977556234,12.905529022216797
11238.0,15.532886085600104,-241.1973827455622,12.922717571258545
11235.0,15.86119311560001,-241.1973827455622,12.941243410110474
11237.0,17.50272826559999,-241.1973827455622,12.959399223327637
11242.0,16.189500145599915,-241.1973827455622,12.976247072219849
11241.0,15.86119311560001,-241.52568977556234,12.992988586425781
11239.0,14.547964995599934,-241.1973827455622,13.009634733200073
11239.0,16.51780717559982,-241.1973827455622,13.026238918304443
11243.0,15.86119311560001,-241.1973827455622,13.04285454750061
11244.0,15.86119311560001,-241.1973827455622,13.059455633163452
11238.0,15.86119311560001,-241.1973827455622,13.076072454452515
11238.0,17.174421235600086,-241.1973827455622,13.092668294906616
11236.0,16.84611420560018,-240.8690757155623,13.109306335449219
11239.0,16.51780717559982,-241.1973827455622,13.125911235809326
11237.0,15.86119311560001,-241.1973827455622,13.1425039768219
11238.0,16.51780717559982,-240.8690757155623,13.160396337509155
11237.0,16.51780717559982,-241.1973827455622,13.177202224731445
11242.0,15.86119311560001,-240.8690757155623,13.193883180618286
11239.0,15.532886085600104,-240.8690757155623,13.210938453674316
11237.0,15.86119311560001,-241.1973827455622,13.227694749832153
11235.0,16.189500145599915,-240.8690757155623,13.244417667388916
11234.0,15.204579055599744,-240.8690757155623,13.26106882095337
11233.0,15.86119311560001,-240.8690757155623,13.27766227722168
11237.0,15.204579055599744,-240.8690757155623,13.294299364089966
11239.0,15.204579055599744,-240.8690757155623,13.31095552444458
11237.0,14.547964995599934,-240.8690757155623,13.32761025428772
11239.0,15.204579055599744,-240.8690757155623,13.34437894821167
11240.0,16.51780717559982,-240.8690757155623,13.362452983856201
11241.0,17.50272826559999,-240.5407686855624,13.380096197128296
11238.0,15.532886085600104,-240.5407686855624,13.397428274154663
11237.0,15.86119311560001,-240.5407686855624,13.41422414779663
11237.0,15.204579055599744,-240.5407686855624,13.43090534210205
11237.0,15.532886085600104,-240.8690757155623,13.447535276412964
11234.0,14.876272025599839,-240.5407686855624,13.46417760848999
11234.0,14.876272025599839,-240.5407686855624,13.480812311172485
11233.0,15.86119311560001,-240.8690757155623,13.49744462966919
11235.0,15.204579055599744,-240.21246165556227,13.514080047607422
11235.0,14.876272025599839,-240.5407686855624,13.531980514526367
11235.0,15.204579055599744,-240.5407686855624,13.548660278320312
11233.0,15.532886085600104,-240.5407686855624,13.565552234649658
11232.0,16.189500145599915,-240.5407686855624,13.583500146865845
11229.0,14.876272025599839,-240.5407686855624,13.600301027297974
11229.0,15.204579055599744,-240.5407686855624,13.617017269134521
11229.0,15.532886085600104,-240.5407686855624,13.633657217025757
11231.0,15.532886085600104,-240.21246165556227,13.650286197662354
11232.0,15.86119311560001,-240.21246165556227,13.666931390762329
11234.0,15.86119311560001,-240.21246165556227,13.683587074279785
11232.0,15.86119311560001,-240.21246165556227,13.70027470588684
11232.0,15.204579055599744,-240.21246165556227,13.716924667358398
11231.0,16.189500145599915,-240.21246165556227,13.73353910446167
11232.0,15.204579055599744,-240.21246165556227,13.750161409378052
11231.0,15.532886085600104,-240.21246165556227,13.766799449920654
11229.0,15.86119311560001,-240.5407686855624,13.784691572189331
11230.0,16.51780717559982,-240.21246165556227,13.80215573310852
11230.0,17.174421235600086,-240.21246165556227,13.820395708084106
11231.0,16.189500145599915,-240.21246165556227,13.837092399597168
11228.0,16.51780717559982,-240.21246165556227,13.85373044013977
11227.0,14.547964995599934,-239.88415462556236,13.870799541473389
11227.0,15.86119311560001,-240.21246165556227,13.887413263320923
11229.0,15.86119311560001,-240.21246165556227,13.904278755187988
11228.0,16.51780717559982,-240.21246165556227,13.920974254608154
11228.0,16.84611420560018,-240.21246165556227,13.937630891799927
11226.0,15.204579055599744,-240.21246165556227,13.95467758178711
11225.0,15.86119311560001,-239.88415462556236,13.971761226654053
11224.0,16.84611420560018,-239.88415462556236,13.98845648765564
11223.0,16.189500145599915,-240.21246165556227,14.0064218044281
11225.0,16.189500145599915,-239.88415462556236,14.023637771606445
11227.0,16.189500145599915,-239.88415462556236,14.040430307388306
11229.0,16.84611420560018,-239.88415462556236,14.05711030960083
11228.0,16.189500145599915,-239.88415462556236,14.073763608932495
11222.0,15.204579055599744,-239.88415462556236,14.090441226959229
11220.0,16.189500145599915,-239.88415462556236,14.107112407684326
11221.0,15.532886085600104,-239.88415462556236,14.123734474182129
11225.0,15.86119311560001,-239.88415462556236,14.140406608581543
11228.0,16.51780717559982,-239.88415462556236,14.157073259353638
11224.0,15.532886085600104,-239.88415462556236,14.173669338226318
11224.0,16.189500145599915,-239.88415462556236,14.19043779373169
11222.0,17.174421235600086,-239.88415462556236,14.207598686218262
11222.0,17.174421235600086,-239.88415462556236,14.225585699081421
11217.0,18.159342325599802,-239.88415462556236,14.243721723556519
11220.0,15.86119311560001,-239.88415462556236,14.260751008987427
11221.0,15.532886085600104,-239.55584759556223,14.277429580688477
11224.0,15.86119311560001,-239.88415462556236,14.294094562530518
11220.0,15.86119311560001,-239.55584759556223,14.310765027999878
11219.0,15.532886085600104,-239.88415462556236,14.327401161193848
11218.0,16.51780717559982,-239.88415462556236,14.344055891036987
11217.0,16.189500145599915,-239.55584759556223,14.360756874084473
11213.0,15.86119311560001,-239.55584759556223,14.37735104560852
11214.0,15.532886085600104,-239.55584759556223,14.394042491912842
11216.0,16.84611420560018,-239.55584759556223,14.411086559295654
11221.0,16.84611420560018,-239.55584759556223,14.429494380950928
11222.0,14.876272025599839,-239.55584759556223,14.446761131286621
11219.0,17.174421235600086,-239.22754056556232,14.463533163070679
11217.0,15.86119311560001,-239.22754056556232,14.480168581008911
11216.0,16.189500145599915,-239.22754056556232,14.496814012527466
11215.0,16.51780717559982,-239.22754056556232,14.513523578643799
11214.0,16.189500145599915,-239.55584759556223,14.530215978622437
11214.0,15.532886085600104,-239.55584759556223,14.546884298324585
11215.0,16.51780717559982,-239.22754056556232,14.563472509384155
11217.0,16.189500145599915,-239.55584759556223,14.580105066299438
11219.0,16.51780717559982,-239.22754056556232,14.596740484237671
11219.0,15.532886085600104,-239.22754056556232,14.613363027572632
11218.0,15.532886085600104,-239.22754056556232,14.63005256652832
11216.0,15.204579055599744,-239.22754056556232,14.649083852767944
11217.0,17.174421235600086,-239.22754056556232,14.66720962524414
11217.0,15.86119311560001,-239.22754056556232,14.68411135673523
11216.0,16.51780717559982,-239.22754056556232,14.70084524154663
11214.0,15.86119311560001,-239.55584759556223,14.717562675476074
11217.0,16.189500145599915,-239.22754056556232,14.734289407730103
11219.0,16.51780717559982,-238.8992335355622,14.75120496749878
11221.0,15.532886085600104,-239.22754056556232,14.76803970336914
11219.0,16.189500145599915,-238.8992335355622,14.7847580909729
11220.0,14.547964995599934,-238.8992335355622,14.80152153968811
11220.0,15.532886085600104,-238.8992335355622,14.818241357803345
11218.0,15.532886085600104,-238.8992335355622,14.83551549911499
11216.0,15.86119311560001,-239.22754056556232,14.85429334640503
11215.0,14.547964995599934,-239.22754056556232,14.871125221252441
11215.0,14.547964995599934,-238.8992335355622,14.88790488243103
11218.0,15.86119311560001,-238.8992335355622,14.904893636703491
11218.0,15.86119311560001,-238.8992335355622,14.921706438064575
11218.0,16.84611420560018,-238.8992335355622,14.93852424621582
11220.0,15.204579055599744,-238.8992335355622,14.955510377883911
11218.0,15.532886085600104,-238.8992335355622,14.972454309463501
11217.0,14.219657965600028,-238.8992335355622,14.989943742752075
11215.0,14.547964995599934,-238.8992335355622,15.007553815841675
11218.0,14.219657965600028,-238.57092650556228,15.025513648986816
11222.0,14.219657965600028,-238.57092650556228,15.043272256851196
11217.0,15.532886085600104,-238.8992335355622,15.064607620239258
11218.0,12.578122815600047,-238.57092650556228,15.084113359451294
11220.0,15.204579055599744,-238.57092650556228,15.102408647537231
11220.0,14.219657965600028,-238.57092650556228,15.120060920715332
11221.0,15.204579055599744,-238.8992335355622,15.13797903060913
11223.0,13.891350935600123,-238.8992335355622,15.155774116516113
11222.0,15.204579055599744,-238.57092650556228,15.17363953590393
11218.0,14.219657965600028,-238.57092650556228,15.191413164138794
11214.0,14.219657965600028,-238.57092650556228,15.209999322891235
11216.0,14.876272025599839,-238.57092650556228,15.22791051864624
11219.0,14.219657965600028,-238.57092650556228,15.246374607086182
11220.0,15.204579055599744,-238.57092650556228,15.264772176742554
11221.0,14.876272025599839,-238.57092650556228,15.283239126205444
11221.0,14.876272025599839,-238.57092650556228,15.301541090011597
11220.0,14.547964995599934,-238.57092650556228,15.319599151611328
11218.0,14.219657965600028,-238.57092650556228,15.338067770004272
11215.0,13.891350935600123,-238.57092650556228,15.356528759002686
11217.0,14.219657965600028,-238.24261947556238,15.375039100646973
11217.0,15.86119311560001,-238.57092650556228,15.393440961837769
11221.0,15.86119311560001,-238.57092650556228,15.4120774269104
11223.0,16.51780717559982,-238.57092650556228,15.429944276809692
11222.0,13.891350935600123,-238.57092650556228,15.448724269866943
11221.0,14.219657965600028,-238.57092650556228,15.467206478118896
11218.0,13.891350935600123,-238.57092650556228,15.485674858093262
11217.0,14.547964995599934,-238.24261947556238,15.5041344165802
11217.0,14.219657965600028,-238.24261947556238,15.522510051727295
11217.0,14.547964995599934,-238.57092650556228,15.541075468063354
11218.0,13.891350935600123,-238.57092650556228,15.561396598815918
11219.0,14.219657965600028,-238.24261947556238,15.579268455505371
11222.0,14.876272025599839,-238.57092650556228,15.597496271133423
11223.0,15.204579055599744,-238.24261947556238,15.615562200546265
11218.0,15.204579055599744,-238.24261947556238,15.633622884750366
11215.0,14.547964995599934,-238.24261947556238,15.651724576950073
11218.0,14.547964995599934,-238.24261947556238,15.669801235198975
11220.0,13.891350935600123,-238.24261947556238,15.688173055648804
11219.0,14.219657965600028,-238.24261947556238,15.706709384918213
11218.0,14.219657965600028,-238.24261947556238,15.725125789642334
11217.0,13.563043905599763,-238.24261947556238,15.74314832687378
11214.0,15.204579055599744,-237.91431244556225,15.761366128921509
11216.0,14.547964995599934,-238.24261947556238,15.779313087463379
11219.0,14.547964995599934,-238.24261947556238,15.796781778335571
11223.0,14.219657965600028,-237.91431244556225,15.815080642700195
11217.0,15.204579055599744,-238.24261947556238,15.833672046661377
11217.0,14.876272025599839,-238.24261947556238,15.851614236831665
11216.0,15.204579055599744,-237.91431244556225,15.870112180709839
11215.0,14.876272025599839,-237.91431244556225,15.887754440307617
11220.0,13.891350935600123,-238.24261947556238,15.904783010482788
11220.0,12.906429845599952,-238.24261947556238,15.922654628753662
11221.0,14.876272025599839,-238.24261947556238,15.940742015838623
11219.0,14.547964995599934,-237.91431244556225,15.958838939666748
11220.0,14.219657965600028,-237.91431244556225,15.976470470428467
11223.0,15.204579055599744,-237.91431244556225,15.996596336364746
11222.0,12.249815785600141,-237.91431244556225,16.015204668045044
11221.0,16.51780717559982,-237.91431244556225,16.032849550247192
11227.0,15.532886085600104,-237.91431244556225,16.0515456199646
11230.0,14.547964995599934,-237.91431244556225,16.069483995437622
11231.0,15.204579055599744,-237.91431244556225,16.087822914123535
11231.0,14.547964995599934,-237.58600541556234,16.106016635894775
11236.0,14.547964995599934,-237.91431244556225,16.12413501739502
11240.0,14.547964995599934,-237.91431244556225,16.142247676849365
11238.0,14.547964995599934,-237.91431244556225,16.160387754440308
11236.0,15.204579055599744,-237.91431244556225,16.17850613594055
11241.0,16.189500145599915,-237.58600541556234,16.196418046951294
11248.0,14.547964995599934,-237.91431244556225,16.214343070983887
11250.0,14.219657965600028,-237.91431244556225,16.232768297195435
11252.0,14.219657965600028,-237.58600541556234,16.250813722610474
11257.0,15.204579055599744,-237.91431244556225,16.26928472518921
11262.0,12.578122815600047,-237.58600541556234,16.289594650268555
11266.0,13.563043905599763,-237.58600541556234,16.30754280090332
11270.0,13.891350935600123,-237.58600541556234,16.32600975036621
11280.0,14.547964995599934,-237.58600541556234,16.34450101852417
11293.0,14.547964995599934,-237.58600541556234,16.36296534538269
11312.0,15.204579055599744,-237.58600541556234,16.381407260894775
11339.0,16.189500145599915,-237.58600541556234,16.399930715560913
11387.0,14.219657965600028,-237.58600541556234,16.417307138442993
11440.0,13.891350935600123,-237.58600541556234,16.434809923171997
11488.0,15.204579055599744,-237.58600541556234,16.453214645385742
11542.0,14.547964995599934,-237.58600541556234,16.472402572631836
11602.0,13.891350935600123,-237.91431244556225,16.490047454833984
11656.0,14.876272025599839,-237.58600541556234,16.5082528591156
11701.0,13.891350935600123,-237.91431244556225,16.526728630065918
11738.0,14.547964995599934,-237.91431244556225,16.545356512069702
11784.0,14.547964995599934,-237.2576983855622,16.5638689994812
11831.0,14.876272025599839,-237.58600541556234,16.582329750061035
11870.0,14.547964995599934,-237.58600541556234,16.6009042263031
11893.0,15.204579055599744,-237.58600541556234,16.619328260421753
11900.0,14.547964995599934,-237.2576983855622,16.63804841041565
11888.0,13.563043905599763,-237.58600541556234,16.6565842628479
11853.0,13.234736875599857,-237.2576983855622,16.67461609840393
11809.0,13.891350935600123,-237.2576983855622,16.692726850509644
11760.0,13.563043905599763,-237.2576983855622,16.71126699447632
11711.0,14.547964995599934,-237.2576983855622,16.72978639602661
11661.0,15.204579055599744,-237.2576983855622,16.74822473526001
11614.0,16.84611420560018,-237.2576983855622,16.766722917556763
11562.0,15.532886085600104,-237.2576983855622,16.784660577774048
11510.0,15.532886085600104,-237.2576983855622,16.803148984909058
11461.0,14.219657965600028,-237.2576983855622,16.821080207824707
11436.0,14.547964995599934,-237.2576983855622,16.839519023895264
11418.0,14.876272025599839,-237.58600541556234,16.857955932617188
11394.0,14.219657965600028,-237.2576983855622,16.876444816589355
11367.0,13.563043905599763,-237.2576983855622,16.894956350326538
11361.0,15.86119311560001,-237.2576983855622,16.913034915924072
11377.0,15.532886085600104,-236.9293913555623,16.932867527008057
11397.0,14.219657965600028,-237.2576983855622,16.95087480545044
11426.0,15.532886085600104,-237.2576983855622,16.969045400619507
11463.0,14.876272025599839,-237.2576983855622,16.987195014953613
11492.0,14.876272025599839,-237.2576983855622,17.00538420677185
11500.0,15.204579055599744,-237.2576983855622,17.023543119430542
11501.0,13.563043905599763,-237.2576983855622,17.041635751724243
11500.0,14.219657965600028,-237.2576983855622,17.05972671508789
11497.0,13.891350935600123,-237.2576983855622,17.077837467193604
11491.0,14.547964995599934,-237.2576983855622,17.095350742340088
11485.0,13.891350935600123,-236.9293913555623,17.112606525421143
11477.0,14.547964995599934,-236.9293913555623,17.130976915359497
11475.0,14.876272025599839,-236.9293913555623,17.148200273513794
11467.0,13.891350935600123,-236.9293913555623,17.165266275405884
11466.0,13.563043905599763,-236.9293913555623,17.182375192642212
11471.0,15.86119311560001,-236.9293913555623,17.200310230255127
11476.0,14.219657965600028,-236.9293913555623,17.218851327896118
11482.0,14.219657965600028,-236.9293913555623,17.237330198287964
11478.0,13.891350935600123,-236.9293913555623,17.255855560302734
11484.0,14.219657965600028,-236.9293913555623,17.274343967437744
11486.0,13.891350935600123,-236.9293913555623,17.292818307876587
11491.0,14.876272025599839,-236.9293913555623,17.3112690448761
11489.0,13.563043905599763,-236.9293913555623,17.329668521881104
11494.0,14.219657965600028,-236.9293913555623,17.34811496734619
11500.0,14.219657965600028,-236.9293913555623,17.369043827056885
11498.0,13.891350935600123,-236.9293913555623,17.38755774497986
11490.0,14.547964995599934,-236.9293913555623,17.40763020515442
11482.0,14.876272025599839,-236.9293913555623,17.42585277557373
11477.0,14.876272025599839,-236.9293913555623,17.444382429122925
11470.0,14.219657965600028,-236.9293913555623,17.46198320388794
11469.0,14.876272025599839,-236.9293913555623,17.480564832687378
11475.0,15.204579055599744,-236.9293913555623,17.498875617980957
11484.0,15.204579055599744,-236.6010843255624,17.51699948310852
11484.0,15.204579055599744,-236.9293913555623,17.535172939300537
11478.0,14.547964995599934,-236.6010843255624,17.553298473358154
11478.0,14.547964995599934,-236.9293913555623,17.57155442237854
11477.0,15.204579055599744,-236.6010843255624,17.58949327468872
11477.0,13.891350935600123,-236.9293913555623,17.607174396514893
11474.0,13.563043905599763,-236.6010843255624,17.625153303146362
11477.0,14.219657965600028,-236.6010843255624,17.643589735031128
11476.0,14.547964995599934,-236.6010843255624,17.661465406417847
11477.0,13.563043905599763,-236.6010843255624,17.6798734664917
11478.0,14.547964995599934,-236.9293913555623,17.697770833969116
11476.0,14.219657965600028,-236.6010843255624,17.71836233139038
11476.0,14.547964995599934,-236.6010843255624,17.736910104751587
11473.0,14.547964995599934,-236.6010843255624,17.755342960357666
11468.0,14.876272025599839,-236.6010843255624,17.77376699447632
11467.0,15.86119311560001,-236.27277729556226,17.79223322868347
11471.0,14.219657965600028,-236.6010843255624,17.810134172439575
11470.0,14.219657965600028,-236.6010843255624,17.8285071849823
11465.0,14.547964995599934,-236.6010843255624,17.84698247909546
11464.0,14.876272025599839,-236.6010843255624,17.86526656150818
11467.0,14.547964995599934,-236.27277729556226,17.884340524673462
11466.0,15.86119311560001,-236.6010843255624,17.90271019935608
11459.0,14.876272025599839,-236.6010843255624,17.92149567604065
11462.0,14.876272025599839,-236.27277729556226,17.93949270248413
11459.0,14.547964995599934,-236.27277729556226,17.95746874809265
11457.0,14.219657965600028,-236.6010843255624,17.975905656814575
11458.0,15.86119311560001,-236.6010843255624,17.994417667388916
11463.0,14.876272025599839,-236.27277729556226,18.012983322143555
11463.0,14.876272025599839,-236.27277729556226,18.031165838241577
11460.0,13.891350935600123,-236.27277729556226,18.04952120780945
11450.0,13.891350935600123,-236.27277729556226,18.068076610565186
11440.0,15.204579055599744,-236.6010843255624,18.086560010910034
11437.0,13.891350935600123,-236.27277729556226,18.10510516166687
11437.0,14.547964995599934,-236.27277729556226,18.123640775680542
11430.0,13.234736875599857,-236.6010843255624,18.14203143119812
11419.0,14.547964995599934,-236.27277729556226,18.160500526428223
11416.0,14.219657965600028,-236.27277729556226,18.17898654937744
11408.0,15.204579055599744,-236.27277729556226,18.19703984260559
11401.0,13.563043905599763,-236.27277729556226,18.215002298355103
11399.0,14.219657965600028,-236.27277729556226,18.23344087600708
11405.0,14.547964995599934,-236.27277729556226,18.251925706863403
11405.0,14.876272025599839,-236.27277729556226,18.270400524139404
11403.0,15.532886085600104,-236.27277729556226,18.288900136947632
11410.0,14.876272025599839,-236.27277729556226,18.30735683441162
11412.0,13.234736875599857,-235.94447026556236,18.32521653175354
11411.0,13.563043905599763,-236.27277729556226,18.343344688415527
11407.0,13.563043905599763,-235.94447026556236,18.360825777053833
11406.0,15.204579055599744,-236.27277729556226,18.378939151763916
11408.0,13.563043905599763,-235.94447026556236,18.396869897842407
11403.0,14.547964995599934,-236.27277729556226,18.41520881652832
11401.0,13.891350935600123,-236.27277729556226,18.433362007141113
11402.0,12.578122815600047,-236.27277729556226,18.452514171600342
11398.0,14.876272025599839,-235.94447026556236,18.470643281936646
11396.0,14.876272025599839,-236.27277729556226,18.48901915550232
11393.0,16.189500145599915,-236.27277729556226,18.507810354232788
11392.0,14.547964995599934,-236.27277729556226,18.52600121498108
11393.0,13.891350935600123,-235.94447026556236,18.54455542564392
11392.0,13.563043905599763,-236.27277729556226,18.5630521774292
11395.0,13.234736875599857,-235.94447026556236,18.581465244293213
11394.0,14.547964995599934,-235.94447026556236,18.599936962127686
11398.0,13.891350935600123,-236.27277729556226,18.61840534210205
11400.0,14.547964995599934,-235.94447026556236,18.636806964874268
11400.0,14.547964995599934,-235.94447026556236,18.65523934364319
11396.0,15.532886085600104,-235.94447026556236,18.673641443252563
11399.0,14.547964995599934,-235.94447026556236,18.691588163375854
11399.0,14.547964995599934,-235.94447026556236,18.71014904975891
11400.0,13.234736875599857,-236.27277729556226,18.728582620620728
11399.0,13.563043905599763,-236.27277729556226,18.7471444606781
11399.0,14.547964995599934,-235.94447026556236,18.765604972839355
11395.0,15.204579055599744,-235.94447026556236,18.784071445465088
11394.0,14.219657965600028,-235.94447026556236,18.80245065689087
11394.0,13.891350935600123,-235.94447026556236,18.820854425430298
11397.0,15.532886085600104,-235.94447026556236,18.839616775512695
11393.0,15.204579055599744,-235.94447026556236,18.858331203460693
11395.0,14.219657965600028,-235.94447026556236,18.876900911331177
11391.0,13.891350935600123,-235.61616323556223,18.895567178726196
11392.0,13.234736875599857,-235.94447026556236,18.913880586624146
11394.0,15.86119311560001,-235.94447026556236,18.932064533233643
11395.0,14.219657965600028,-235.61616323556223,18.95063304901123
11391.0,14.547964995599934,-235.94447026556236,18.969429969787598
11394.0,14.876272025599839,-235.94447026556236,18.987751007080078
11392.0,14.876272025599839,-235.94447026556236,19.005385160446167
11390.0,15.532886085600104,-235.94447026556236,19.02239751815796
11390.0,13.891350935600123,-235.61616323556223,19.039490222930908
11395.0,13.234736875599857,-235.94447026556236,19.05652356147766
11394.0,14.876272025599839,-235.94447026556236,19.07350993156433
11388.0,14.876272025599839,-235.61616323556223,19.090588569641113
11387.0,14.219657965600028,-235.61616323556223,19.108565092086792
11390.0,14.547964995599934,-235.61616323556223,19.126977682113647
11389.0,14.547964995599934,-235.61616323556223,19.14539408683777
11386.0,14.219657965600028,-235.61616323556223,19.163695096969604
11386.0,14.547964995599934,-235.61616323556223,19.18222713470459
11389.0,13.891350935600123,-235.61616323556223,19.20068097114563
11390.0,14.219657965600028,-235.61616323556223,19.219178915023804
11387.0,15.532886085600104,-235.61616323556223,19.237582206726074
11389.0,14.547964995599934,-235.61616323556223,19.254936695098877
11388.0,15.86119311560001,-235.28785620556232,19.274856090545654
11389.0,15.204579055599744,-235.94447026556236,19.293015241622925
11387.0,15.204579055599744,-235.61616323556223,19.311343908309937
11390.0,13.234736875599857,-235.28785620556232,19.32907795906067
11394.0,14.876272025599839,-235.61616323556223,19.347641468048096
11395.0,14.219657965600028,-235.28785620556232,19.36610198020935
11392.0,14.547964995599934,-235.61616323556223,19.38408875465393
11392.0,13.891350935600123,-235.61616323556223,19.402602672576904
11392.0,16.51780717559982,-235.61616323556223,19.42070198059082
11390.0,14.219657965600028,-235.61616323556223,19.438822269439697
11389.0,14.219657965600028,-235.61616323556223,19.45624542236328
11390.0,14.876272025599839,-235.61616323556223,19.474732160568237
11389.0,14.219657965600028,-235.28785620556232,19.49271011352539
11387.0,15.204579055599744,-235.28785620556232,19.511165380477905
11383.0,14.547964995599934,-235.28785620556232,19.531666040420532
11388.0,14.876272025599839,-235.28785620556232,19.550143480300903
11388.0,13.563043905599763,-235.28785620556232,19.56860661506653
11384.0,14.876272025599839,-235.28785620556232,19.58704710006714
11384.0,13.563043905599763,-235.28785620556232,19.60550332069397
11386.0,16.51780717559982,-235.28785620556232,19.623915910720825
11382.0,15.532886085600104,-235.61616323556223,19.642401218414307
11384.0,13.891350935600123,-235.28785620556232,19.660807371139526
11386.0,13.891350935600123,-235.28785620556232,19.679231643676758
11385.0,14.219657965600028,-235.28785620556232,19.697670221328735
11384.0,13.563043905599763,-235.28785620556232,19.7162184715271
11384.0,14.219657965600028,-235.28785620556232,19.734596252441406
11389.0,13.234736875599857,-235.28785620556232,19.75347900390625
11385.0,14.219657965600028,-235.28785620556232,19.771708250045776
11381.0,13.234736875599857,-235.28785620556232,19.789414167404175
11379.0,14.219657965600028,-235.28785620556232,19.807775497436523
11380.0,15.532886085600104,-235.28785620556232,19.82595205307007
11380.0,15.204579055599744,-235.28785620556232,19.844045877456665
11384.0,14.876272025599839,-234.9595491755622,19.862130641937256
11387.0,14.547964995599934,-235.28785620556232,19.880605220794678
11385.0,12.578122815600047,-235.28785620556232,19.90042209625244
11387.0,14.219657965600028,-234.9595491755622,19.918643712997437
11387.0,15.86119311560001,-234.9595491755622,19.936611652374268
11388.0,15.532886085600104,-235.61616323556223,19.955085277557373
11384.0,14.876272025599839,-234.9595491755622,19.973117113113403
11389.0,14.219657965600028,-234.9595491755622,19.991616249084473
11391.0,15.204579055599744,-235.28785620556232,20.009523153305054
11393.0,14.876272025599839,-234.9595491755622,20.02794337272644
11391.0,15.204579055599744,-234.9595491755622,20.046366214752197
11399.0,13.234736875599857,-235.28785620556232,20.09613299369812
11399.0,13.563043905599763,-235.28785620556232,20.11346125602722
11400.0,14.219657965600028,-235.28785620556232,20.131200075149536
11400.0,15.204579055599744,-235.28785620556232,20.14879584312439
11397.0,13.891350935600123,-235.28785620556232,20.16642475128174
11394.0,14.547964995599934,-235.28785620556232,20.184546947479248
11391.0,14.219657965600028,-234.9595491755622,20.202460289001465
11390.0,14.547964995599934,-234.9595491755622,20.219531536102295
11388.0,13.891350935600123,-234.9595491755622,20.238237142562866
11387.0,13.891350935600123,-235.28785620556232,20.256874799728394
11387.0,14.876272025599839,-235.28785620556232,20.274140119552612
11386.0,13.891350935600123,-235.28785620556232,20.29154372215271
11383.0,14.547964995599934,-234.9595491755622,20.309136152267456
11383.0,15.204579055599744,-235.28785620556232,20.32726764678955
11387.0,15.532886085600104,-234.9595491755622,20.345324754714966
11387.0,14.219657965600028,-234.9595491755622,20.36370301246643
11389.0,14.876272025599839,-234.9595491755622,20.382755041122437
11387.0,13.891350935600123,-234.9595491755622,20.401121139526367
11387.0,13.891350935600123,-234.9595491755622,20.418731451034546
11384.0,14.876272025599839,-234.9595491755622,20.43671178817749
11384.0,14.876272025599839,-234.9595491755622,20.45422077178955
11384.0,14.219657965600028,-234.9595491755622,20.472704648971558
11385.0,15.204579055599744,-234.9595491755622,20.490676641464233
11384.0,13.891350935600123,-234.9595491755622,20.50916028022766
11383.0,15.204579055599744,-234.9595491755622,20.52715039253235
11382.0,15.532886085600104,-234.9595491755622,20.545109510421753
11381.0,14.219657965600028,-234.9595491755622,20.56268310546875
11382.0,14.219657965600028,-234.9595491755622,20.581149339675903
11380.0,14.547964995599934,-234.9595491755622,20.599589586257935
11381.0,15.532886085600104,-234.63124214556228,20.618078231811523
11384.0,15.204579055599744,-234.9595491755622,20.636446475982666
11384.0,14.547964995599934,-234.9595491755622,20.654419898986816
11385.0,14.876272025599839,-234.63124214556228,20.67228674888611
11386.0,14.547964995599934,-234.63124214556228,20.690730810165405
11386.0,14.219657965600028,-234.63124214556228,20.708730936050415
11384.0,14.219657965600028,-234.9595491755622,20.72741150856018
11387.0,16.189500145599915,-234.63124214556228,20.74909806251526
11386.0,13.563043905599763,-234.9595491755622,20.767237901687622
11388.0,13.563043905599763,-234.63124214556228,20.785308122634888
11388.0,13.891350935600123,-234.9595491755622,20.803232669830322
11392.0,13.891350935600123,-234.9595491755622,20.821699619293213
11391.0,13.563043905599763,-234.63124214556228,20.839921951293945
11390.0,14.219657965600028,-234.63124214556228,20.85802388191223
11392.0,14.876272025599839,-234.9595491755622,20.87614393234253
11387.0,15.204579055599744,-234.9595491755622,20.89429020881653
11385.0,14.547964995599934,-234.9595491755622,20.912206888198853
11386.0,15.532886085600104,-234.9595491755622,20.930866479873657
11391.0,14.876272025599839,-234.63124214556228,20.949358463287354
11386.0,15.204579055599744,-234.63124214556228,20.967931509017944
11385.0,15.532886085600104,-234.63124214556228,20.98656439781189
11388.0,14.547964995599934,-234.63124214556228,21.00449848175049
11391.0,14.547964995599934,-234.63124214556228,21.02302074432373
11390.0,14.876272025599839,-234.63124214556228,21.04142928123474
11388.0,15.204579055599744,-234.63124214556228,21.059880018234253
11389.0,14.547964995599934,-234.9595491755622,21.077833890914917
11388.0,16.51780717559982,-234.63124214556228,21.098387718200684
11391.0,14.547964995599934,-234.63124214556228,21.115964889526367
11393.0,15.204579055599744,-234.30293511556238,21.134417057037354
11395.0,14.876272025599839,-234.63124214556228,21.15237259864807
11397.0,14.876272025599839,-234.63124214556228,21.170090198516846
11398.0,12.906429845599952,-234.63124214556228,21.189005136489868
11395.0,14.547964995599934,-234.63124214556228,21.206671476364136
11391.0,13.891350935600123,-234.63124214556228,21.224998950958252
11390.0,14.547964995599934,-234.30293511556238,21.243064641952515
11389.0,14.876272025599839,-234.63124214556228,21.261615991592407
11391.0,14.547964995599934,-234.63124214556228,21.280129194259644
11390.0,14.876272025599839,-234.63124214556228,21.29843544960022
11389.0,15.204579055599744,-234.30293511556238,21.316455602645874
11389.0,14.547964995599934,-234.63124214556228,21.334969997406006
11390.0,14.876272025599839,-234.63124214556228,21.353363037109375
11388.0,13.891350935600123,-234.30293511556238,21.371779680252075
11390.0,14.219657965600028,-234.63124214556228,21.39019751548767
11388.0,13.891350935600123,-234.63124214556228,21.40812397003174
11386.0,15.532886085600104,-234.30293511556238,21.42612910270691
11384.0,14.219657965600028,-234.63124214556228,21.444483995437622
11388.0,14.876272025599839,-234.30293511556238,21.462698459625244
11387.0,14.219657965600028,-234.30293511556238,21.48072338104248
11386.0,14.219657965600028,-234.63124214556228,21.498656034469604
11389.0,14.547964995599934,-234.30293511556238,21.517136812210083
11387.0,13.891350935600123,-234.30293511556238,21.535505056381226
11381.0,14.547964995599934,-234.63124214556228,21.55395817756653
11383.0,14.876272025599839,-234.30293511556238,21.5717875957489
11382.0,14.876272025599839,-234.30293511556238,21.589773416519165
11378.0,14.547964995599934,-234.30293511556238,21.608197927474976
11379.0,13.891350935600123,-234.63124214556228,21.626044511795044
11382.0,15.204579055599744,-234.30293511556238,21.644418954849243
11385.0,15.204579055599744,-234.30293511556238,21.662564277648926
11383.0,14.219657965600028,-234.30293511556238,21.680357933044434
11383.0,13.891350935600123,-234.30293511556238,21.69843602180481
11383.0,14.547964995599934,-234.30293511556238,21.71692705154419
11382.0,14.219657965600028,-234.30293511556238,21.73589038848877
11378.0,13.563043905599763,-234.30293511556238,21.753982543945312
11380.0,14.219657965600028,-234.30293511556238,21.772245168685913
11381.0,13.891350935600123,-234.30293511556238,21.790446996688843
11377.0,15.86119311560001,-234.30293511556238,21.808566093444824
11377.0,14.547964995599934,-234.30293511556238,21.82934856414795
11378.0,15.86119311560001,-234.30293511556238,21.847805738449097
11377.0,14.219657965600028,-234.30293511556238,21.86630082130432
11374.0,14.547964995599934,-234.30293511556238,21.884748697280884
11372.0,15.204579055599744,-234.30293511556238,21.902323246002197
11369.0,13.563043905599763,-233.97462808556224,21.9198477268219
11373.0,13.891350935600123,-234.30293511556238,21.938319206237793
11373.0,14.547964995599934,-234.30293511556238,21.956220388412476
11371.0,13.563043905599763,-234.30293511556238,21.974120616912842
11370.0,14.876272025599839,-234.30293511556238,21.992122650146484
11376.0,14.547964995599934,-234.30293511556238,22.01057195663452
11373.0,14.547964995599934,-233.97462808556224,22.028435468673706
11366.0,14.547964995599934,-233.97462808556224,22.046852111816406
11373.0,15.532886085600104,-234.30293511556238,22.065213203430176
11372.0,15.86119311560001,-233.97462808556224,22.08308696746826
11366.0,14.547964995599934,-234.30293511556238,22.10116457939148
11365.0,13.891350935600123,-234.30293511556238,22.119893074035645
11370.0,14.219657965600028,-234.30293511556238,22.13860583305359
11366.0,14.547964995599934,-233.97462808556224,22.157362937927246
11364.0,13.891350935600123,-233.97462808556224,22.17625141143799
11365.0,13.234736875599857,-233.64632105556234,22.19620966911316
11368.0,15.532886085600104,-234.30293511556238,22.214133262634277
11366.0,15.532886085600104,-233.97462808556224,22.231975317001343
11363.0,15.204579055599744,-233.97462808556224,22.249836206436157
11363.0,15.204579055599744,-233.97462808556224,22.26764988899231
11363.0,16.189500145599915,-233.97462808556224,22.285351991653442
11365.0,16.189500145599915,-233.97462808556224,22.303140878677368
11361.0,14.219657965600028,-233.97462808556224,22.320562839508057
11364.0,14.547964995599934,-233.97462808556224,22.337679147720337
11364.0,14.547964995599934,-233.97462808556224,22.354660987854004
11361.0,14.219657965600028,-233.97462808556224,22.37161922454834
11357.0,14.876272025599839,-233.64632105556234,22.388614654541016
11359.0,14.547964995599934,-233.64632105556234,22.40556812286377
11359.0,12.906429845599952,-233.97462808556224,22.423824071884155
11357.0,13.891350935600123,-233.97462808556224,22.442260265350342
11355.0,14.876272025599839,-233.97462808556224,22.460835933685303
11356.0,14.219657965600028,-233.97462808556224,22.47920799255371
11354.0,15.204579055599744,-233.97462808556224,22.497763633728027
11354.0,15.204579055599744,-233.97462808556224,22.516228914260864
11357.0,15.532886085600104,-233.97462808556224,22.53465962409973
11359.0,14.219657965600028,-233.64632105556234,22.552992820739746
11354.0,14.876272025599839,-233.64632105556234,22.57183575630188
11357.0,15.86119311560001,-233.97462808556224,22.59030771255493
11356.0,14.876272025599839,-233.64632105556234,22.608646392822266
11356.0,13.891350935600123,-233.97462808556224,22.626980304718018
11352.0,13.891350935600123,-233.64632105556234,22.64487910270691
11353.0,13.891350935600123,-233.97462808556224,22.66309881210327
11355.0,14.876272025599839,-233.64632105556234,22.681397914886475
11352.0,15.204579055599744,-233.64632105556234,22.699655771255493
11350.0,15.532886085600104,-233.3180140255622,22.718017101287842
11353.0,14.876272025599839,-233.97462808556224,22.73643398284912
11351.0,15.204579055599744,-233.64632105556234,22.7548885345459
11346.0,14.876272025599839,-233.64632105556234,22.77331280708313
11347.0,15.204579055599744,-233.64632105556234,22.791749238967896
11349.0,13.891350935600123,-233.64632105556234,22.810200214385986
11347.0,14.876272025599839,-233.64632105556234,22.828141450881958
11344.0,14.547964995599934,-233.64632105556234,22.84597373008728
11348.0,14.876272025599839,-233.64632105556234,22.864423990249634
11349.0,14.876272025599839,-233.97462808556224,22.882755041122437
11345.0,14.547964995599934,-233.64632105556234,22.90141749382019
11346.0,14.876272025599839,-233.64632105556234,22.920127868652344
11347.0,14.219657965600028,-233.64632105556234,22.93859052658081
11345.0,15.204579055599744,-233.64632105556234,22.957061529159546
11344.0,13.891350935600123,-233.64632105556234,22.97550678253174
11346.0,14.219657965600028,-233.64632105556234,22.993896961212158
11344.0,14.547964995599934,-233.64632105556234,23.011854648590088
11339.0,13.234736875599857,-233.64632105556234,23.030314445495605
11341.0,13.234736875599857,-233.3180140255622,23.05047631263733
11344.0,15.86119311560001,-233.64632105556234,23.068058967590332
11341.0,14.876272025599839,-233.3180140255622,23.087435483932495
11344.0,13.891350935600123,-233.3180140255622,23.105029344558716
11342.0,14.876272025599839,-233.64632105556234,23.12287211418152
11337.0,15.86119311560001,-233.3180140255622,23.1410231590271
11335.0,14.547964995599934,-233.64632105556234,23.15912628173828
11336.0,14.219657965600028,-233.64632105556234,23.17719316482544
11337.0,15.204579055599744,-233.64632105556234,23.195221662521362
11337.0,13.891350935600123,-233.3180140255622,23.213528156280518
11340.0,13.563043905599763,-233.64632105556234,23.231966972351074
11337.0,14.219657965600028,-233.64632105556234,23.249927282333374
11335.0,14.547964995599934,-233.64632105556234,23.26836323738098
11334.0,15.204579055599744,-233.3180140255622,23.286877155303955
11332.0,16.51780717559982,-233.3180140255622,23.305304527282715
11333.0,13.891350935600123,-233.3180140255622,23.323843479156494
11337.0,15.532886085600104,-233.3180140255622,23.342205286026
11336.0,14.219657965600028,-233.3180140255622,23.36073136329651
11335.0,14.547964995599934,-233.3180140255622,23.37919521331787
11339.0,14.547964995599934,-233.3180140255622,23.397085905075073
11336.0,14.876272025599839,-233.3180140255622,23.41508674621582
11330.0,14.876272025599839,-233.3180140255622,23.433577299118042
11330.0,13.563043905599763,-233.3180140255622,23.451504230499268
11331.0,15.204579055599744,-233.64632105556234,23.469329118728638
11330.0,14.219657965600028,-233.3180140255622,23.48779582977295
11331.0,14.876272025599839,-233.3180140255622,23.506022453308105
11332.0,14.876272025599839,-233.64632105556234,23.525453567504883
11329.0,15.86119311560001,-233.3180140255622,23.544705152511597
11327.0,13.891350935600123,-233.3180140255622,23.56261944770813
11330.0,13.891350935600123,-233.3180140255622,23.580977201461792
11329.0,15.532886085600104,-233.3180140255622,23.599486112594604
11327.0,15.86119311560001,-233.3180140255622,23.61739182472229
11326.0,13.891350935600123,-233.3180140255622,23.636510848999023
11326.0,14.876272025599839,-232.9897069955623,23.65454912185669
11327.0,14.876272025599839,-232.9897069955623,23.672642707824707
11327.0,15.204579055599744,-233.3180140255622,23.69071650505066
11327.0,16.189500145599915,-233.3180140255622,23.708928108215332
11327.0,15.204579055599744,-232.9897069955623,23.72743248939514
11327.0,16.189500145599915,-233.3180140255622,23.74586510658264
11325.0,13.891350935600123,-233.3180140255622,23.76446533203125
11322.0,14.547964995599934,-232.9897069955623,23.782307863235474
11321.0,13.563043905599763,-233.3180140255622,23.80077290534973
11321.0,15.532886085600104,-233.3180140255622,23.8187472820282
11323.0,14.876272025599839,-232.9897069955623,23.837175130844116
11324.0,14.219657965600028,-233.3180140255622,23.855628490447998
11323.0,14.876272025599839,-232.9897069955623,23.874059200286865
11321.0,14.876272025599839,-232.9897069955623,23.89241862297058
11320.0,14.547964995599934,-233.3180140255622,23.910391807556152
11320.0,15.532886085600104,-232.9897069955623,23.92843198776245
11318.0,15.204579055599744,-232.9897069955623,23.946955919265747
11317.0,14.219657965600028,-233.3180140255622,23.965097904205322
11320.0,12.906429845599952,-233.3180140255622,23.98757028579712
11325.0,15.204579055599744,-232.9897069955623,24.006138801574707
11322.0,14.876272025599839,-233.3180140255622,24.02479314804077
11319.0,14.547964995599934,-232.9897069955623,24.043083429336548
11318.0,13.891350935600123,-232.9897069955623,24.061177968978882
11317.0,15.86119311560001,-232.9897069955623,24.079242944717407
11315.0,14.876272025599839,-232.9897069955623,24.097396850585938
11317.0,15.204579055599744,-232.9897069955623,24.1155788898468
11316.0,14.876272025599839,-232.9897069955623,24.134095430374146
11314.0,15.532886085600104,-232.9897069955623,24.15256428718567
11312.0,15.86119311560001,-232.6613999655624,24.17097568511963
11314.0,15.532886085600104,-232.9897069955623,24.189451217651367
11314.0,15.204579055599744,-232.9897069955623,24.20739507675171
11314.0,15.532886085600104,-232.9897069955623,24.225884437561035
11312.0,14.876272025599839,-232.9897069955623,24.24429941177368
11312.0,14.876272025599839,-232.9897069955623,24.262747287750244
11312.0,14.876272025599839,-232.9897069955623,24.281266450881958
11313.0,14.876272025599839,-232.6613999655624,24.299113988876343
11310.0,15.204579055599744,-232.9897069955623,24.316996574401855
11310.0,15.204579055599744,-232.9897069955623,24.33543586730957
11309.0,13.234736875599857,-233.3180140255622,24.354414463043213
11308.0,14.876272025599839,-232.9897069955623,24.372891902923584
11310.0,16.189500145599915,-232.9897069955623,24.391273498535156
11311.0,15.204579055599744,-232.9897069955623,24.40971541404724
11311.0,14.219657965600028,-232.9897069955623,24.428797960281372
11307.0,13.563043905599763,-232.9897069955623,24.448117971420288
11305.0,13.563043905599763,-232.9897069955623,24.465676307678223
11304.0,14.876272025599839,-232.9897069955623,24.484660148620605
11305.0,13.891350935600123,-232.9897069955623,24.503772735595703
11308.0,14.547964995599934,-232.6613999655624,24.52158808708191
11308.0,17.50272826559999,-232.9897069955623,24.53836488723755
11306.0,16.51780717559982,-232.9897069955623,24.555073738098145
11302.0,16.189500145599915,-232.6613999655624,24.571831226348877
11302.0,16.189500145599915,-232.9897069955623,24.58849310874939
11301.0,15.86119311560001,-232.6613999655624,24.60509490966797
11302.0,16.189500145599915,-232.9897069955623,24.621745824813843
11301.0,18.159342325599802,-232.6613999655624,24.63838267326355
11300.0,15.86119311560001,-232.9897069955623,24.654977798461914
11299.0,16.51780717559982,-232.6613999655624,24.671615839004517
11299.0,15.86119311560001,-232.6613999655624,24.68955087661743
11303.0,16.51780717559982,-232.9897069955623,24.706406116485596
11303.0,15.86119311560001,-232.6613999655624,24.723067045211792
11301.0,16.189500145599915,-232.9897069955623,24.739725351333618
11297.0,15.86119311560001,-232.9897069955623,24.756325244903564
11295.0,15.532886085600104,-232.6613999655624,24.77291703224182
11293.0,16.51780717559982,-232.6613999655624,24.78960156440735
11292.0,16.189500145599915,-232.9897069955623,24.80620050430298
11295.0,15.86119311560001,-232.6613999655624,24.8228542804718
11296.0,15.532886085600104,-232.6613999655624,24.839410305023193
11296.0,16.51780717559982,-232.9897069955623,24.860052824020386
11294.0,16.189500145599915,-232.6613999655624,24.878299713134766
11296.0,15.532886085600104,-232.6613999655624,24.89530301094055
11295.0,15.86119311560001,-232.33309293556226,24.91276478767395
11294.0,16.51780717559982,-232.6613999655624,24.930076360702515
11292.0,16.84611420560018,-232.6613999655624,24.94731044769287
11291.0,15.86119311560001,-232.6613999655624,24.964131832122803
11292.0,15.86119311560001,-232.6613999655624,24.98085045814514
11290.0,15.532886085600104,-232.6613999655624,24.99748730659485
11289.0,15.204579055599744,-232.6613999655624,25.01422357559204
11290.0,15.86119311560001,-232.6613999655624,25.03121566772461
11292.0,15.532886085600104,-232.6613999655624,25.04792857170105
11292.0,16.51780717559982,-232.6613999655624,25.064614295959473
11289.0,16.189500145599915,-232.6613999655624,25.08128595352173
11287.0,16.84611420560018,-232.6613999655624,25.09796690940857
11285.0,16.51780717559982,-232.6613999655624,25.11461353302002
11284.0,15.86119311560001,-232.6613999655624,25.13131546974182
11286.0,15.86119311560001,-232.6613999655624,25.14796018600464
11289.0,15.86119311560001,-232.33309293556226,25.164644241333008
11290.0,16.189500145599915,-232.33309293556226,25.181273460388184
11287.0,16.51780717559982,-232.33309293556226,25.197972297668457
11283.0,15.204579055599744,-232.6613999655624,25.214693307876587
11281.0,17.174421235600086,-232.33309293556226,25.23135781288147
11281.0,15.204579055599744,-232.6613999655624,25.24804663658142
11284.0,15.86119311560001,-232.33309293556226,25.264720916748047
11285.0,16.84611420560018,-232.6613999655624,25.281853199005127
11288.0,17.174421235600086,-232.33309293556226,25.299864292144775
11287.0,15.532886085600104,-232.33309293556226,25.316908597946167
11284.0,16.51780717559982,-232.33309293556226,25.33420753479004
11283.0,16.189500145599915,-232.33309293556226,25.351491451263428
11283.0,16.189500145599915,-232.33309293556226,25.368250846862793
11284.0,16.51780717559982,-232.33309293556226,25.38496160507202
11283.0,15.204579055599744,-232.33309293556226,25.401622533798218
11281.0,14.876272025599839,-232.33309293556226,25.41838765144348
11280.0,18.487649355600162,-232.33309293556226,25.435206174850464
11280.0,16.51780717559982,-232.33309293556226,25.451875686645508
11279.0,16.84611420560018,-232.33309293556226,25.468571662902832
11279.0,16.189500145599915,-232.33309293556226,25.48522424697876
11280.0,15.204579055599744,-232.33309293556226,25.501866102218628
11281.0,14.876272025599839,-232.33309293556226,25.518526792526245
11279.0,16.189500145599915,-232.33309293556226,25.535242557525635
11278.0,14.876272025599839,-232.33309293556226,25.551859855651855
11278.0,17.174421235600086,-232.33309293556226,25.568519115447998
11276.0,15.86119311560001,-232.33309293556226,25.58516025543213
11275.0,15.86119311560001,-232.33309293556226,25.601826906204224
11276.0,15.532886085600104,-232.33309293556226,25.618544340133667
11277.0,15.86119311560001,-232.00478590556236,25.635144233703613
11277.0,15.532886085600104,-232.00478590556236,25.651888608932495
11276.0,15.86119311560001,-232.33309293556226,25.668853044509888
11275.0,15.204579055599744,-232.33309293556226,25.685577392578125
11274.0,14.876272025599839,-232.33309293556226,25.702266931533813
11272.0,15.86119311560001,-232.00478590556236,25.72121548652649
11271.0,17.174421235600086,-232.33309293556226,25.73910903930664
11274.0,17.174421235600086,-232.33309293556226,25.75663185119629
11275.0,16.84611420560018,-232.00478590556236,25.77383327484131
11275.0,16.51780717559982,-232.33309293556226,25.790534257888794
11273.0,16.51780717559982,-232.00478590556236,25.807329893112183
11272.0,16.189500145599915,-232.00478590556236,25.82399559020996
11273.0,15.204579055599744,-232.00478590556236,25.8406400680542
11272.0,16.51780717559982,-232.33309293556226,25.85728430747986
11273.0,16.84611420560018,-232.00478590556236,25.874051094055176
11273.0,16.51780717559982,-232.00478590556236,25.89078688621521
11271.0,16.189500145599915,-232.00478590556236,25.907471418380737
11269.0,17.174421235600086,-232.00478590556236,25.924288988113403
11268.0,19.144263415599973,-232.00478590556236,25.941253185272217
11269.0,16.189500145599915,-232.00478590556236,25.958425998687744
11269.0,15.532886085600104,-232.00478590556236,25.97516369819641
11270.0,16.84611420560018,-232.00478590556236,25.992857694625854
11271.0,16.189500145599915,-232.00478590556236,26.00953459739685
11270.0,17.174421235600086,-231.67647887556222,26.026179790496826
11268.0,15.86119311560001,-232.00478590556236,26.042853116989136
11267.0,15.86119311560001,-232.00478590556236,26.059505462646484
11269.0,16.51780717559982,-232.00478590556236,26.07617735862732
11269.0,15.86119311560001,-232.00478590556236,26.092819452285767
11269.0,16.51780717559982,-232.00478590556236,26.109493017196655
11268.0,16.84611420560018,-231.67647887556222,26.12613582611084
11269.0,15.86119311560001,-232.00478590556236,26.144216775894165
11268.0,18.159342325599802,-232.00478590556236,26.16143035888672
11269.0,15.86119311560001,-231.67647887556222,26.179566383361816
11271.0,16.189500145599915,-231.67647887556222,26.196575164794922
11271.0,16.51780717559982,-232.00478590556236,26.213338136672974
11269.0,16.51780717559982,-231.67647887556222,26.23003315925598
11268.0,16.84611420560018,-232.00478590556236,26.24672508239746
11269.0,16.189500145599915,-232.00478590556236,26.26339626312256
11270.0,16.189500145599915,-232.00478590556236,26.280053853988647
11269.0,16.84611420560018,-232.00478590556236,26.296729803085327
11268.0,17.174421235600086,-231.67647887556222,26.313668489456177
11268.0,16.51780717559982,-231.67647887556222,26.330493450164795
11267.0,17.174421235600086,-232.00478590556236,26.34711503982544
11266.0,16.84611420560018,-232.00478590556236,26.363863229751587
11264.0,16.189500145599915,-231.67647887556222,26.38058590888977
11264.0,15.532886085600104,-231.67647887556222,26.397226333618164
11263.0,16.189500145599915,-232.00478590556236,26.413936853408813
11266.0,16.51780717559982,-231.67647887556222,26.430858850479126
11265.0,16.51780717559982,-231.67647887556222,26.44749689102173
11266.0,17.174421235600086,-232.00478590556236,26.464158296585083
11266.0,16.51780717559982,-231.67647887556222,26.480820178985596
11265.0,17.50272826559999,-231.67647887556222,26.497527360916138
11264.0,15.532886085600104,-231.67647887556222,26.514256477355957
11265.0,15.86119311560001,-231.67647887556222,26.53090238571167
11264.0,15.532886085600104,-231.67647887556222,26.547568798065186
11264.0,16.51780717559982,-231.34817184556232,26.564420461654663
11261.0,17.174421235600086,-231.67647887556222,26.58207368850708
11261.0,17.174421235600086,-232.00478590556236,26.5997531414032
11262.0,15.204579055599744,-231.34817184556232,26.616952896118164
11260.0,15.204579055599744,-231.67647887556222,26.63411545753479
11261.0,15.86119311560001,-231.34817184556232,26.651140689849854
11262.0,15.532886085600104,-231.67647887556222,26.66786527633667
11264.0,17.174421235600086,-231.67647887556222,26.684555768966675
11262.0,15.86119311560001,-231.67647887556222,26.701223611831665
11261.0,16.51780717559982,-231.67647887556222,26.717912673950195
11260.0,15.86119311560001,-231.67647887556222,26.73456645011902
11259.0,15.86119311560001,-231.67647887556222,26.75125241279602
11257.0,16.189500145599915,-231.67647887556222,26.767926454544067
11258.0,16.51780717559982,-231.67647887556222,26.784595489501953
11259.0,15.86119311560001,-231.34817184556232,26.80125880241394
11258.0,15.86119311560001,-231.67647887556222,26.817901372909546
11258.0,15.86119311560001,-231.34817184556232,26.834548234939575
11255.0,16.51780717559982,-231.34817184556232,26.85120701789856
11257.0,15.86119311560001,-231.67647887556222,26.8678081035614
11256.0,14.876272025599839,-231.67647887556222,26.88445520401001
11255.0,16.84611420560018,-231.67647887556222,26.901177406311035
11255.0,16.189500145599915,-231.34817184556232,26.9178364276886
11256.0,17.174421235600086,-231.67647887556222,26.93464970588684
11256.0,15.86119311560001,-231.67647887556222,26.95131754875183
11257.0,15.532886085600104,-231.34817184556232,26.968393564224243
11255.0,15.532886085600104,-231.67647887556222,26.98508858680725
11255.0,16.51780717559982,-231.0198648155622,27.004642009735107
11254.0,17.174421235600086,-231.34817184556232,27.02228307723999
11254.0,15.532886085600104,-231.34817184556232,27.040203332901
11255.0,16.51780717559982,-231.34817184556232,27.057127714157104
11257.0,15.204579055599744,-231.67647887556222,27.07383680343628
11257.0,16.84611420560018,-231.67647887556222,27.090540170669556
11255.0,17.831035295599897,-231.67647887556222,27.107248783111572
11255.0,16.51780717559982,-231.34817184556232,27.12394690513611
11254.0,16.51780717559982,-231.34817184556232,27.140610933303833
11251.0,16.51780717559982,-231.34817184556232,27.1573429107666
